{
    "absoluteImportance": {
        "loan": 0.14925448475068398,
        "education": 0.06484664786928789,
        "housing": 0.24578518399122382,
        "duration": 0.6410944988734756,
        "marital_status": 0.0748081645331233,
        "credit_default": 0.001940605063230182,
        "balance": 0.12801794971572883,
        "month": 0.2034432629420414,
        "contact": 0.6117196909088378,
        "campaign": 0.1339500003049943,
        "job": 0.057987208386161435,
        "day": 0.05834809293223689,
        "age": 0.039838089511545355
    }
}