{
    "predictedClassCount": {
        "false": 11007,
        "true": 2556
    },
    "probabilityDensities": {
        "false": {
            "density": [
                0.0002711889277826697,
                0.0005728944587611286,
                0.001141551906591394,
                0.002150679095657687,
                0.0038412480400132954,
                0.006523113375979897,
                0.010565508159155768,
                0.016376601407614412,
                0.024375415100510396,
                0.03496169007455305,
                0.048489271975473744,
                0.0652458283914563,
                0.08543711983301705,
                0.10917009496654577,
                0.13642917516334804,
                0.1670464571543396,
                0.2006771755257513,
                0.23679929209746822,
                0.2747518534671031,
                0.31380874151073396,
                0.3532623122599967,
                0.39248173872897824,
                0.4309236676414625,
                0.468101049358427,
                0.5035395735468586,
                0.5367535274724861,
                0.5672552318590051,
                0.594590720732165,
                0.6183843160324644,
                0.6383782818772125,
                0.6544624940407537,
                0.6666954207022409,
                0.6753196664422552,
                0.6807721939438978,
                0.6836793823723802,
                0.6848139383989865,
                0.6849887522728006,
                0.6848879092834413,
                0.6848841102267791,
                0.6849334606546489,
                0.6846318549984788,
                0.6834464851757827,
                0.6810334458292174,
                0.6774834054727175,
                0.6733559866047205,
                0.6694699842607623,
                0.6665504477205046,
                0.6649124604840977,
                0.6643376807042526,
                0.6641931732667593,
                0.6637222702007896,
                0.6623711902190195,
                0.6600243283971161,
                0.6570792324304988,
                0.6543579183239071,
                0.6528997249986028,
                0.6537092048068635,
                0.6575423482655777,
                0.6648006086858191,
                0.6755600662411224,
                0.6897037646017596,
                0.7070779145349385,
                0.7275871101148174,
                0.7511871194195324,
                0.7778013005027713,
                0.8072350775587804,
                0.8391599079817,
                0.8731867314727456,
                0.9089870205151884,
                0.9463924871508957,
                0.9854295221645821,
                1.0262978428649747,
                1.06934108363032,
                1.1150534562128724,
                1.1641305575664769,
                1.2175361293826137,
                1.2765445197925958,
                1.3427292204448036,
                1.417882666824717,
                1.5038600783688272,
                1.6023491698664492,
                1.7145946977698494,
                1.8411502423422226,
                1.9817556637160731,
                2.1353993328531073,
                2.3004989923734716,
                2.4749676918771155,
                2.6558308896750846,
                2.8381545079063133,
                3.0133926532974584,
                3.16778270258436,
                3.2818513708100108,
                3.3321128836513276,
                3.2954138321136424,
                3.155204532958278,
                2.907787954277208,
                2.5660226957527157,
                2.158545682622976,
                1.7242441835415152,
                1.303688349433003
            ],
            "median": 0.8222922895254792
        },
        "true": {
            "density": [
                1.3036883494330285,
                1.7242441835414295,
                2.1585456826229534,
                2.5660226957525833,
                2.9077879542770737,
                3.155204532958328,
                3.2954138321139115,
                3.3321128836516,
                3.281851370810046,
                3.167782702584461,
                3.0133926532975224,
                2.8381545079064545,
                2.655830889675047,
                2.474967691877155,
                2.300498992373508,
                2.1353993328531793,
                1.9817556637160838,
                1.8411502423421933,
                1.714594697769752,
                1.6023491698663381,
                1.503860078368763,
                1.4178826668246718,
                1.342729220444863,
                1.2765445197925074,
                1.2175361293826028,
                1.1641305575664789,
                1.1150534562128447,
                1.0693410836303334,
                1.026297842864951,
                0.9854295221645734,
                0.9463924871508554,
                0.9089870205152272,
                0.873186731472741,
                0.8391599079816836,
                0.807235077558789,
                0.7778013005027699,
                0.7511871194195163,
                0.7275871101148147,
                0.7070779145349297,
                0.6897037646017657,
                0.6755600662411092,
                0.664800608685825,
                0.6575423482655952,
                0.6537092048068414,
                0.6528997249986075,
                0.6543579183238792,
                0.6570792324305046,
                0.6600243283971161,
                0.6623711902189983,
                0.663722270200799,
                0.6641931732667546,
                0.6643376807042419,
                0.6649124604840776,
                0.6665504477204929,
                0.6694699842607551,
                0.673355986604681,
                0.6774834054727283,
                0.6810334458292222,
                0.6834464851757935,
                0.6846318549984849,
                0.6849334606546745,
                0.6848841102267718,
                0.684887909283434,
                0.6849887522727861,
                0.6848139383990096,
                0.6836793823723802,
                0.6807721939438905,
                0.6753196664422504,
                0.6666954207022433,
                0.6544624940407944,
                0.6383782818771966,
                0.618384316032483,
                0.5945907207321798,
                0.5672552318590061,
                0.5367535274724765,
                0.5035395735468496,
                0.4681010493584445,
                0.4309236676414671,
                0.3924817387289657,
                0.35326231225999044,
                0.31380874151073285,
                0.2747518534671041,
                0.23679929209746317,
                0.2006771755257513,
                0.16704645715434138,
                0.13642917516334926,
                0.10917009496654519,
                0.08543711983301826,
                0.06524582839145665,
                0.04848927197547392,
                0.03496169007455283,
                0.02437541510051031,
                0.016376601407614353,
                0.010565508159155638,
                0.006523113375979741,
                0.0038412480400132273,
                0.002150679095657626,
                0.0011415519065913818,
                0.0005728944587611454,
                0.0002711889277826702
            ],
            "median": 0.1777077104745208
        }
    }
}