{
    "predictedClassCount": {
        "false": 5659,
        "true": 671
    },
    "probabilityDensities": {
        "false": {
            "density": [
                0.00972926377557934,
                0.01687108015442869,
                0.0282840820763021,
                0.04535323104845299,
                0.06907728772022688,
                0.09959126003944949,
                0.13580541871905014,
                0.17535108744073113,
                0.2149236703691477,
                0.25094612003074646,
                0.28033510359816677,
                0.30112204248611446,
                0.3127710388510251,
                0.3161733600649032,
                0.31339466451984727,
                0.307273490048223,
                0.3009510466214744,
                0.2973989794878052,
                0.29901168528953564,
                0.3073214574170387,
                0.32286992804746006,
                0.34524561878626814,
                0.373285176419308,
                0.4054140350822227,
                0.44004982865651815,
                0.47593739782118577,
                0.5122958556628481,
                0.5487657669428541,
                0.585281133865592,
                0.6220364053176476,
                0.6596161573703043,
                0.6991803923442096,
                0.7425025420306465,
                0.7917289810263509,
                0.8489109515458193,
                0.915502529051194,
                0.9920177896117919,
                1.0779249784577658,
                1.1717386994390195,
                1.2712315373447467,
                1.3737063333698118,
                1.4762869036469854,
                1.5761773928764191,
                1.670844284923814,
                1.7581187317668867,
                1.8362703487141758,
                1.9041080620422886,
                1.9611037664297373,
                2.0074644377912296,
                2.044067694412084,
                2.072238052102692,
                2.093421023365003,
                2.1088426986220026,
                2.1192094288394454,
                2.1244552979331277,
                2.123548514215236,
                2.1144364397128776,
                2.094281425857911,
                2.0601165185244907,
                2.0098788700695804,
                1.943523548474334,
                1.8637472614569668,
                1.7759160623772874,
                1.6871079258503503,
                1.6045857424332919,
                1.5342672620032773,
                1.4797092112049575,
                1.4418287895509878,
                1.4192569844463088,
                1.4090514027772505,
                1.407528622036109,
                1.4110854261591186,
                1.4169213618998615,
                1.4235224628643732,
                1.4307112451457522,
                1.4391240421808533,
                1.4491741586152789,
                1.4598254841044433,
                1.4677014297497677,
                1.46705032801923,
                1.4508081158756805,
                1.4125104350160638,
                1.3483411197790938,
                1.2584526537101286,
                1.1469997408035748,
                1.0209419396652197,
                0.8882288467098088,
                0.7561553390638546,
                0.6304125789201742,
                0.5148957737095472,
                0.41197639414261866,
                0.3228720149552139,
                0.2478988770983661,
                0.1865977995744324,
                0.13783893734608713,
                0.09999875369130266,
                0.07121795853133177,
                0.04967252767673465,
                0.033771631353327974,
                0.022236113931808174
            ],
            "median": 0.5672349935839455
        },
        "true": {
            "density": [
                0.022236113931808174,
                0.03377163135332827,
                0.049672527676735447,
                0.07121795853133189,
                0.09999875369130426,
                0.13783893734608837,
                0.1865977995744324,
                0.24789887709837052,
                0.32287201495521733,
                0.41197639414261794,
                0.5148957737095573,
                0.6304125789201888,
                0.7561553390638519,
                0.8882288467097867,
                1.020941939665227,
                1.1469997408035626,
                1.2584526537101577,
                1.3483411197791033,
                1.4125104350160413,
                1.4508081158756805,
                1.467050328019264,
                1.4677014297497912,
                1.4598254841044613,
                1.449174158615307,
                1.4391240421808098,
                1.4307112451457573,
                1.4235224628643808,
                1.4169213618998464,
                1.4110854261590986,
                1.4075286220360965,
                1.4090514027773255,
                1.4192569844462481,
                1.4418287895509776,
                1.4797092112048917,
                1.5342672620032964,
                1.6045857424332919,
                1.6871079258503772,
                1.7759160623772747,
                1.8637472614569173,
                1.943523548474296,
                2.009878870069559,
                2.0601165185244246,
                2.094281425857926,
                2.1144364397128403,
                2.123548514215206,
                2.1244552979331504,
                2.1192094288394268,
                2.1088426986220363,
                2.0934210233650403,
                2.0722380521026444,
                2.044067694411982,
                2.0074644377912048,
                1.9611037664297513,
                1.9041080620421973,
                1.8362703487142151,
                1.758118731766893,
                1.6708442849237843,
                1.5761773928764025,
                1.4762869036470012,
                1.3737063333697583,
                1.271231537344765,
                1.1717386994390278,
                1.0779249784577543,
                0.9920177896118165,
                0.9155025290511972,
                0.8489109515458163,
                0.7917289810263523,
                0.7425025420306584,
                0.6991803923441972,
                0.6596161573703009,
                0.6220364053176497,
                0.5852811338656065,
                0.5487657669428541,
                0.5122958556628563,
                0.4759373978211807,
                0.44004982865652437,
                0.40541403508223206,
                0.3732851764193007,
                0.34524561878626875,
                0.3228699280474566,
                0.3073214574170376,
                0.2990116852895346,
                0.2973989794878089,
                0.30095104662147654,
                0.3072734900482241,
                0.31339466451984505,
                0.316173360064906,
                0.31277103885102897,
                0.3011220424861118,
                0.28033510359816627,
                0.25094612003074424,
                0.21492367036914847,
                0.1753510874407327,
                0.13580541871905039,
                0.09959126003944842,
                0.06907728772022645,
                0.04535323104845283,
                0.02828408207630185,
                0.0168710801544286,
                0.009729263775579323
            ],
            "median": 0.4327650064160545
        }
    }
}