{
    "predictedClassCount": {
        "false": 5262,
        "true": 1067
    },
    "probabilityDensities": {
        "false": {
            "density": [
                0.0005670775371010657,
                0.0009958754390639803,
                0.0016402223785000698,
                0.0025493367449475036,
                0.0037696035035338095,
                0.005354632898985445,
                0.007381923283915327,
                0.009963726911115791,
                0.013236405464275288,
                0.017322473782299848,
                0.022280439205743487,
                0.02807461855814469,
                0.034592393735919116,
                0.04170623965602186,
                0.049342190877999126,
                0.05750592828686157,
                0.06624636723359374,
                0.07558472537566661,
                0.08546436542310136,
                0.09575789350500725,
                0.10631738033155541,
                0.11701492294390717,
                0.12772953679539054,
                0.13828784281504758,
                0.1484176138779246,
                0.15777938323585067,
                0.16609141435763483,
                0.1732914388218368,
                0.1796373528397737,
                0.18567032878090736,
                0.19203673215375686,
                0.1992459480551386,
                0.2074820583740577,
                0.2165644657419414,
                0.2260779412195821,
                0.2356065424224985,
                0.24495452955613958,
                0.2542460771562361,
                0.26385560889342174,
                0.2741992480046232,
                0.2854802934258082,
                0.2975050760284995,
                0.30966102907912524,
                0.32108169980145757,
                0.3309385596642671,
                0.3387375111701999,
                0.34449296517665073,
                0.34870638233969437,
                0.3521588333286084,
                0.35560110344106,
                0.3594679469003422,
                0.3637450646133268,
                0.3680678546721291,
                0.3720282635696514,
                0.37554352732837465,
                0.37907065420178143,
                0.38350023925547655,
                0.38973112083077305,
                0.3981233129305869,
                0.4081249153350382,
                0.4182981314448243,
                0.4267674594629012,
                0.43189939967986635,
                0.43291615663649646,
                0.43018915675944813,
                0.4251089075561505,
                0.41960274063871417,
                0.41550076958133225,
                0.413995572764158,
                0.41539372962505544,
                0.4192346913914564,
                0.4247024681199708,
                0.4311449420535477,
                0.4384928613564693,
                0.4474331032178206,
                0.45929125874791704,
                0.47566791513598294,
                0.4979364577106689,
                0.5267595935256902,
                0.5618159085107257,
                0.6019114043640308,
                0.6455464144006028,
                0.6918344298285841,
                0.7415220902622324,
                0.7978540384869315,
                0.8671970739972881,
                0.9595821694417113,
                1.0894363841064614,
                1.2765551362094996,
                1.5467155482947799,
                1.930394256143774,
                2.4573486031476905,
                3.145275612046798,
                3.9832861730053635,
                4.915388639595535,
                5.833405783591325,
                6.588972029536431,
                7.027665752895372,
                7.036464643158498,
                6.585292627239695
            ],
            "median": 0.9779657288046617
        },
        "true": {
            "density": [
                6.585292627239718,
                7.0364646431591105,
                7.027665752895471,
                6.588972029536501,
                5.833405783590963,
                4.915388639595465,
                3.9832861730055265,
                3.145275612046843,
                2.4573486031476124,
                1.9303942561437946,
                1.546715548294788,
                1.2765551362094996,
                1.0894363841064516,
                0.9595821694417317,
                0.8671970739972943,
                0.7978540384869229,
                0.7415220902622441,
                0.6918344298285817,
                0.6455464144006086,
                0.6019114043640404,
                0.5618159085107317,
                0.5267595935256978,
                0.49793645771067774,
                0.4756679151359745,
                0.4592912587479158,
                0.447433103217823,
                0.4384928613564697,
                0.43114494205354037,
                0.4247024681199678,
                0.4192346913914553,
                0.4153937296250503,
                0.4139955727641642,
                0.4155007695813378,
                0.4196027406387231,
                0.42510890755615427,
                0.43018915675945,
                0.43291615663650224,
                0.43189939967986485,
                0.4267674594629087,
                0.4182981314448228,
                0.4081249153350346,
                0.3981233129305876,
                0.38973112083077827,
                0.3835002392554758,
                0.3790706542017841,
                0.3755435273283683,
                0.372028263569657,
                0.36806785467212616,
                0.36374506461332967,
                0.35946794690033673,
                0.3556011034410552,
                0.35215883332860587,
                0.348706382339691,
                0.34449296517664857,
                0.33873751117019935,
                0.3309385596642697,
                0.3210816998014587,
                0.3096610290791283,
                0.2975050760285045,
                0.2854802934258097,
                0.2741992480046222,
                0.2638556088934187,
                0.25424607715623926,
                0.24495452955614133,
                0.23560654242249665,
                0.2260779412195797,
                0.21656446574194008,
                0.20748205837405806,
                0.1992459480551393,
                0.1920367321537543,
                0.1856703287809087,
                0.17963735283977306,
                0.1732914388218365,
                0.16609141435763483,
                0.1577793832358491,
                0.1484176138779258,
                0.1382878428150455,
                0.12772953679538954,
                0.11701492294390758,
                0.10631738033155486,
                0.09575789350500742,
                0.0854643654231016,
                0.07558472537566634,
                0.06624636723359345,
                0.05750592828686177,
                0.04934219087799926,
                0.041706239656021715,
                0.034592393735919116,
                0.028074618558144637,
                0.022280439205743366,
                0.017322473782299834,
                0.013236405464275253,
                0.009963726911115729,
                0.007381923283915314,
                0.005354632898985426,
                0.003769603503533836,
                0.0025493367449474945,
                0.0016402223785000698,
                0.0009958754390639846,
                0.0005670775371010708
            ],
            "median": 0.02203427119533834
        }
    }
}