{
    "predictedClassCount": {
        "false": 5580,
        "true": 750
    },
    "probabilityDensities": {
        "false": {
            "density": [
                1.9706728845480243e-05,
                5.233170951563669e-05,
                0.00012892859586502903,
                0.00029569105383743825,
                0.0006337233604022464,
                0.0012746477904077209,
                0.002417266431886324,
                0.004343232828729859,
                0.007429400813471488,
                0.012152847497715091,
                0.019079940460063324,
                0.028824569331674585,
                0.04195969106164876,
                0.05888042069770146,
                0.07964818188693618,
                0.10387791197049108,
                0.13073497362234676,
                0.1590687212780565,
                0.1876452708725847,
                0.21539880768568642,
                0.24162793832922005,
                0.2661032087414677,
                0.28908057320239655,
                0.3112161836624495,
                0.33337750999999655,
                0.3563760962633109,
                0.38069718168187905,
                0.40632407948893856,
                0.43272101035618327,
                0.4589691654331017,
                0.4839971522282311,
                0.5068360622110994,
                0.5268473456869825,
                0.5438905693174501,
                0.5584081230489562,
                0.5714125252306393,
                0.5843731134688672,
                0.5990093841787156,
                0.6170124334768635,
                0.6397438323732397,
                0.6679927590095963,
                0.7018720795889483,
                0.740882753814654,
                0.784107266360186,
                0.8304666027371178,
                0.8790068016549238,
                0.9292150290191897,
                0.9813344593661674,
                1.0365552606812791,
                1.0968939729185627,
                1.164636111944258,
                1.2414223680939898,
                1.3273003653794913,
                1.4201731837929699,
                1.5159456422492927,
                1.6093487737960632,
                1.6951015169490369,
                1.7689459861415473,
                1.8282293974466859,
                1.8719817820195834,
                1.9006581327395393,
                1.9157619987576504,
                1.9194805024893158,
                1.9143569668932379,
                1.9029895677000983,
                1.8877679202432582,
                1.8706941213337305,
                1.85334545593716,
                1.837012494294905,
                1.8229819852374722,
                1.812835715009988,
                1.808562781884259,
                1.8123307005693368,
                1.8259657574748374,
                1.8504347883679972,
                1.885677944445606,
                1.9308986905384462,
                1.985023305141111,
                2.046829836508291,
                2.114437165086008,
                2.1843250230121845,
                2.250459378690054,
                2.3041251667190963,
                2.3347317186027765,
                2.331422435540219,
                2.285047905971929,
                2.1900143035466213,
                2.045606643189606,
                1.8565190409272307,
                1.6324786705506127,
                1.3870225999503463,
                1.1356458222033992,
                0.8936499077624172,
                0.674078658488264,
                0.4861304286859642,
                0.33436083166280256,
                0.21880852988072869,
                0.13592520074996206,
                0.07997196070742779,
                0.044461521537909936
            ],
            "median": 0.681814799636258
        },
        "true": {
            "density": [
                0.0444615215379108,
                0.07997196070742829,
                0.13592520074995879,
                0.21880852988073005,
                0.33436083166281266,
                0.48613042868597456,
                0.6740786584882675,
                0.8936499077624139,
                1.135645822203367,
                1.3870225999503365,
                1.6324786705506416,
                1.856519040927188,
                2.0456066431895765,
                2.1900143035466133,
                2.2850479059718602,
                2.331422435540285,
                2.3347317186028014,
                2.3041251667191127,
                2.2504593786900062,
                2.1843250230122,
                2.1144371650860307,
                2.046829836508258,
                1.985023305141051,
                1.930898690538508,
                1.8856779444455958,
                1.8504347883679677,
                1.8259657574748827,
                1.8123307005694334,
                1.8085627818842975,
                1.8128357150100298,
                1.822981985237511,
                1.8370124942948822,
                1.8533454559372458,
                1.8706941213337271,
                1.887767920243275,
                1.9029895677000983,
                1.9143569668932583,
                1.9194805024892918,
                1.9157619987575925,
                1.9006581327395733,
                1.8719817820195934,
                1.8282293974467314,
                1.7689459861415064,
                1.6951015169490098,
                1.6093487737960548,
                1.5159456422493143,
                1.420173183792965,
                1.327300365379437,
                1.241422368093983,
                1.1646361119442623,
                1.096893972918553,
                1.0365552606812627,
                0.9813344593661638,
                0.9292150290191831,
                0.8790068016549317,
                0.8304666027371016,
                0.7841072663601707,
                0.7408827538146486,
                0.7018720795889632,
                0.6679927590095963,
                0.639743832373233,
                0.617012433476869,
                0.5990093841787167,
                0.5843731134688714,
                0.5714125252306403,
                0.5584081230489483,
                0.5438905693174578,
                0.5268473456869817,
                0.5068360622110932,
                0.48399715222822765,
                0.45896916543310823,
                0.4327210103561829,
                0.40632407948893495,
                0.38069718168188516,
                0.3563760962633112,
                0.33337750999999566,
                0.3112161836624482,
                0.28908057320239605,
                0.26610320874146487,
                0.24162793832922091,
                0.21539880768568526,
                0.1876452708725842,
                0.1590687212780558,
                0.13073497362234676,
                0.10387791197049136,
                0.07964818188693588,
                0.058880420697700574,
                0.04195969106164835,
                0.02882456933167451,
                0.019079940460063154,
                0.012152847497714994,
                0.007429400813471448,
                0.004343232828729824,
                0.0024172664318862403,
                0.0012746477904077083,
                0.0006337233604022419,
                0.0002956910538374372,
                0.00012892859586502832,
                5.233170951563669e-05,
                1.9706728845480172e-05
            ],
            "median": 0.3181852003637418
        }
    }
}