{
    "predictedClassCount": {
        "false": 5238,
        "true": 1091
    },
    "probabilityDensities": {
        "false": {
            "density": [
                0.3991051353284073,
                0.43692394372185084,
                0.46737549087860003,
                0.48953458854381626,
                0.5032869577850435,
                0.5092842988356806,
                0.5087870821623772,
                0.503432758582315,
                0.4949781996629076,
                0.4850640214896895,
                0.47503702720970403,
                0.46584972326540297,
                0.4580378128737693,
                0.45176201283487327,
                0.4468919946903664,
                0.4431082717835826,
                0.4400013510815327,
                0.4371543283202144,
                0.4342028814582889,
                0.4308731638775841,
                0.4270020409165875,
                0.42254509134049306,
                0.41757642232209313,
                0.41228188734403926,
                0.40694515973259204,
                0.40192532917357193,
                0.3976255578142371,
                0.39445439576351266,
                0.39278366054176594,
                0.3929083381082234,
                0.39501415295097225,
                0.39915726050882616,
                0.4052584289640258,
                0.4131118093521325,
                0.42240652998538736,
                0.4327581461373003,
                0.443746353826877,
                0.45495511539709327,
                0.4660112910262844,
                0.4766180455640687,
                0.48657983749656414,
                0.4958167721605834,
                0.5043673928624965,
                0.5123802796637705,
                0.5200957925112895,
                0.5278197979342619,
                0.5358914330677634,
                0.544647276463517,
                0.554385036623477,
                0.565331003757558,
                0.5776165378112349,
                0.5912689968808013,
                0.6062210686200911,
                0.6223393103249459,
                0.6394684237088732,
                0.6574835736974028,
                0.676340253759042,
                0.6961107941464912,
                0.716998874023307,
                0.7393278165236492,
                0.7635039324598547,
                0.789961448557379,
                0.8190994679170546,
                0.8512231771248522,
                0.8865007804427006,
                0.9249444895716804,
                0.9664188502243904,
                1.010673702200965,
                1.0573934632210815,
                1.1062506429655614,
                1.1569507188389252,
                1.2092582230909732,
                1.2629995716262028,
                1.318045264378286,
                1.3742804389245216,
                1.4315762598224082,
                1.4897739777787853,
                1.5486887065501576,
                1.6081324104689338,
                1.667947547478308,
                1.728036669253263,
                1.7883707606702512,
                1.8489607711485665,
                1.9097821157695247,
                1.9706497985871323,
                2.0310512371104155,
                2.089954335029004,
                2.1456195749390217,
                2.195455961402174,
                2.235969013725311,
                2.262850293549347,
                2.27124696794265,
                2.2562231220596365,
                2.2133830215614028,
                2.13957788710755,
                2.0335754986174313,
                1.896551802867867,
                1.7322776618891769,
                1.54692452573655,
                1.3484904445260126
            ],
            "median": 0.7783050107875238
        },
        "true": {
            "density": [
                1.3484904445260268,
                1.5469245257365773,
                1.7322776618891893,
                1.8965518028679074,
                2.033575498617413,
                2.1395778871074818,
                2.2133830215614143,
                2.256223122059596,
                2.2712469679426017,
                2.2628502935493144,
                2.2359690137253785,
                2.195455961402213,
                2.1456195749389644,
                2.0899543350289296,
                2.0310512371103795,
                1.9706497985872091,
                1.909782115769572,
                1.8489607711485336,
                1.7883707606702353,
                1.7280366692532692,
                1.6679475474783405,
                1.6081324104689567,
                1.5486887065502293,
                1.4897739777788805,
                1.431576259822426,
                1.3742804389245362,
                1.3180452643783072,
                1.262999571626167,
                1.209258223090971,
                1.1569507188389212,
                1.1062506429655377,
                1.0573934632210722,
                1.0106737022009527,
                0.9664188502243973,
                0.9249444895716409,
                0.8865007804426912,
                0.8512231771248613,
                0.8190994679170808,
                0.7899614485573537,
                0.7635039324598465,
                0.7393278165236505,
                0.7169988740233197,
                0.6961107941465123,
                0.6763402537590204,
                0.6574835736973608,
                0.6394684237088618,
                0.6223393103249305,
                0.60622106862009,
                0.5912689968807856,
                0.5776165378112502,
                0.5653310037575721,
                0.5543850366234789,
                0.5446472764635325,
                0.5358914330677692,
                0.5278197979342469,
                0.5200957925112959,
                0.5123802796637688,
                0.5043673928624796,
                0.4958167721605834,
                0.48657983749656497,
                0.4766180455640772,
                0.4660112910262844,
                0.454955115397101,
                0.4437463538268691,
                0.4327581461373191,
                0.4224065299853832,
                0.41311180935213027,
                0.40525842896402975,
                0.3991572605088301,
                0.3950141529509708,
                0.39290833810821923,
                0.3927836605417548,
                0.3944543957635169,
                0.3976255578142367,
                0.4019253291735709,
                0.4069451597325939,
                0.41228188734404186,
                0.41757642232209125,
                0.4225450913404983,
                0.4270020409165837,
                0.430873163877591,
                0.43420288145829466,
                0.4371543283202136,
                0.44000135108153626,
                0.4431082717835857,
                0.44689199469036,
                0.45176201283486844,
                0.4580378128737726,
                0.4658497232654034,
                0.47503702720969726,
                0.4850640214896878,
                0.4949781996629006,
                0.5034327585823043,
                0.5087870821623754,
                0.5092842988356662,
                0.5032869577850398,
                0.48953458854382237,
                0.46737549087860253,
                0.4369239437218481,
                0.39910513532840514
            ],
            "median": 0.22169498921247627
        }
    }
}