{
    "columns": [
        "duration",
        "balance",
        "campaign",
        "day",
        "age"
    ],
    "shifts": [
        260.37030453845244,
        1374.5541335861278,
        2.7805032191807877,
        15.842200892680808,
        40.988624244578745
    ],
    "inv_scales": [
        0.003803888827569348,
        0.0003174947445745111,
        0.3189254916451162,
        0.11990451856799961,
        0.09383179318849483
    ]
}