{
    "absoluteImportance": {
        "loan": 0.08274556906668738,
        "education": 0.09955399046411761,
        "housing": 0.20048160900459835,
        "marital_status": 0.07995045585819086,
        "credit_default": 0.005707399919427372,
        "balance": 0.07886076241328428,
        "month": 0.3050910727240107,
        "contact": 0.4983932635013448,
        "campaign": 0.10184355172096655,
        "job": 0.09682981447895246,
        "day": 0.17019672940225122,
        "age": 0.09890279208929022
    }
}