{
    "predictedClassCount": {
        "false": 26903,
        "true": 4745
    },
    "probabilityDensities": {
        "false": {
            "density": [
                2.8691409681081684e-49,
                2.2218953725105946e-45,
                1.1527875626962566e-41,
                4.0070886738719384e-38,
                9.331741135666743e-35,
                1.4559638856023167e-31,
                1.5219240302963156e-28,
                1.0658358412136708e-25,
                5.000848330723399e-23,
                1.57200942036251e-20,
                3.310768852310785e-18,
                4.671680589735943e-16,
                4.416768278294098e-14,
                2.7980573810223167e-12,
                1.18794456871793e-10,
                3.3811053537537186e-09,
                6.455349476128914e-08,
                8.278402815517582e-07,
                7.150341028296755e-06,
                4.1841399324867696e-05,
                0.00016802946233741205,
                0.00047655815456274626,
                0.0010139541170133906,
                0.0017919710999940899,
                0.0028979038039277905,
                0.00431064036271569,
                0.005568571583641318,
                0.006132884315742178,
                0.006038489757911819,
                0.005746049630657016,
                0.005738010897835873,
                0.006495510478860891,
                0.008395919108661092,
                0.011629458039929413,
                0.016369227045101502,
                0.02230306048750796,
                0.02780520297694394,
                0.031175457957653238,
                0.03296637406809881,
                0.03556683701910592,
                0.04117382449537612,
                0.050764440658931494,
                0.06366392077202455,
                0.07844686416539023,
                0.09441283823477614,
                0.11156886036642075,
                0.13027316956715035,
                0.151185275951128,
                0.17488019891091452,
                0.20138716839230095,
                0.2309787385618697,
                0.26523453796656027,
                0.30483465050659503,
                0.34696403286959854,
                0.38668877232088844,
                0.42005828634610326,
                0.4466653485326454,
                0.4715429131955616,
                0.5029429811001701,
                0.5426755163023308,
                0.5824497110056094,
                0.6157243432628522,
                0.6423513741093503,
                0.6578960247608008,
                0.6528911211978695,
                0.6252271690859507,
                0.5873746250231415,
                0.5612417961331112,
                0.5604961779548044,
                0.5784362768457129,
                0.5989827989573205,
                0.6115934480135565,
                0.6142722135460723,
                0.610985895799921,
                0.6094569857667674,
                0.6193863683969041,
                0.6449668451584927,
                0.6796336459151693,
                0.716157972712711,
                0.7581731199032131,
                0.8158759767241903,
                0.8946791477277156,
                0.9925592785430264,
                1.1080229993301078,
                1.248022537753733,
                1.425435451078313,
                1.65246453275902,
                1.9435943148793384,
                2.335567075831267,
                2.9288367576289827,
                3.9447983376889955,
                5.713780389515801,
                8.347125362967954,
                11.091966832059919,
                12.305288726292165,
                10.848838947813446,
                7.4374248757702635,
                3.9371880155542627,
                1.6058611445748805,
                0.5023658922208573
            ],
            "median": 0.9385682346206065
        },
        "true": {
            "density": [
                0.5023658922208439,
                1.6058611445748663,
                3.937188015553696,
                7.437424875769616,
                10.848838947814352,
                12.305288726292078,
                11.091966832060589,
                8.347125362970772,
                5.713780389516034,
                3.9447983376890794,
                2.9288367576296017,
                2.3355670758312255,
                1.9435943148794075,
                1.652464532758882,
                1.4254354510782368,
                1.2480225377537464,
                1.1080229993300763,
                0.9925592785430123,
                0.8946791477277124,
                0.8158759767241511,
                0.7581731199032347,
                0.7161579727126881,
                0.6796336459151656,
                0.6449668451584996,
                0.619386368396914,
                0.6094569857667609,
                0.6109858957999145,
                0.6142722135460777,
                0.611593448013562,
                0.5989827989573131,
                0.5784362768457005,
                0.5604961779547994,
                0.5612417961331262,
                0.587374625023128,
                0.6252271690859651,
                0.6528911211978765,
                0.6578960247607915,
                0.6423513741093241,
                0.6157243432628543,
                0.5824497110056229,
                0.5426755163023308,
                0.5029429811001728,
                0.47154291319554986,
                0.44666534853263506,
                0.42005828634610326,
                0.3866887723208953,
                0.3469640328695948,
                0.3048346505065934,
                0.26523453796656266,
                0.23097873856187054,
                0.2013871683922988,
                0.17488019891091763,
                0.1511852759511277,
                0.13027316956714988,
                0.11156886036642095,
                0.09441283823477664,
                0.07844686416538926,
                0.06366392077202422,
                0.05076444065893131,
                0.04117382449537554,
                0.03556683701910592,
                0.032966374068098665,
                0.031175457957653183,
                0.02780520297694384,
                0.02230306048750784,
                0.01636922704510149,
                0.011629458039929362,
                0.008395919108661108,
                0.00649551047886088,
                0.005738010897835858,
                0.005746049630656996,
                0.006038489757911825,
                0.0061328843157422,
                0.005568571583641313,
                0.004310640362715686,
                0.00289790380392778,
                0.0017919710999940866,
                0.0010139541170133934,
                0.00047655815456274544,
                0.00016802946233741175,
                4.1841399324867255e-05,
                7.150341028296717e-06,
                8.278402815517375e-07,
                6.455349476128845e-08,
                3.3811053537537306e-09,
                1.187944568717892e-10,
                2.7980573810222965e-12,
                4.4167682782939094e-14,
                4.671680589735843e-16,
                3.3107688523106206e-18,
                1.5720094203624543e-20,
                5.000848330723399e-23,
                1.0658358412136026e-25,
                1.5219240302962939e-28,
                1.4559638856021925e-31,
                9.331741135666345e-35,
                4.0070886738719384e-38,
                1.1527875626961908e-41,
                2.2218953725106263e-45,
                2.869140968108209e-49
            ],
            "median": 0.061431765379393516
        }
    }
}