{
    "absoluteImportance": {
        "loan": 0.08381799267973382,
        "education": 0.10337927251854663,
        "housing": 0.18306472654059439,
        "duration": 0.9923358421925618,
        "marital_status": 0.055382599406691664,
        "credit_default": 0.0073251329905506205,
        "balance": 0.06741682509363234,
        "month": 0.4104255791629344,
        "contact": 0.4987999622776376,
        "campaign": 0.15736066719334202,
        "job": 0.10410555536838449,
        "day": 0.1869662010044763,
        "age": 0.1339572724742735
    }
}