{
    "predictedClassCount": {
        "false": 26090,
        "true": 5558
    },
    "probabilityDensities": {
        "false": {
            "density": [
                0.00010231907948476046,
                0.0002765175504813134,
                0.0006552762301288735,
                0.0013714377454261243,
                0.002559504105286875,
                0.004313852159121519,
                0.006673014406916232,
                0.00965982018777753,
                0.013362529909449236,
                0.017987482984800393,
                0.02379815112410471,
                0.03091940254202507,
                0.03912016755779205,
                0.04778747224749419,
                0.05621980790911579,
                0.06409034676060947,
                0.07169975569879679,
                0.07973845083117116,
                0.0886956525376776,
                0.09840930367135559,
                0.10816122802664253,
                0.11722726627240541,
                0.12537205379129804,
                0.13286404441014238,
                0.14008535836883387,
                0.14719317715870717,
                0.15416777602571868,
                0.16112740899938943,
                0.1685157537319158,
                0.17694462108620881,
                0.18684152829101536,
                0.1981775718464372,
                0.21040163010186302,
                0.22259046014193892,
                0.2338144867463677,
                0.2435931360326606,
                0.25212084198761237,
                0.2600553864238198,
                0.26807667908258737,
                0.2766244727856272,
                0.28593136380500406,
                0.29609133414962924,
                0.30694612018473916,
                0.3179412974050453,
                0.3282730533496111,
                0.3373492998656499,
                0.3451770603646687,
                0.3522979574077366,
                0.35933797303489323,
                0.3665898310414985,
                0.37393671722098787,
                0.3810493559632304,
                0.38758102281720774,
                0.39322828769589613,
                0.3977894112490867,
                0.4013694548870913,
                0.4046077793692723,
                0.4086009738510731,
                0.41435452899356484,
                0.42199254670397174,
                0.4302459667349665,
                0.4366904261178801,
                0.4387932452816419,
                0.4352934325627753,
                0.4271551303169875,
                0.4174803449328173,
                0.41024439113305666,
                0.4083784619317197,
                0.4122910487454223,
                0.41985040796212114,
                0.427897251438031,
                0.43421008041537074,
                0.4385833423913984,
                0.44252817961914676,
                0.44818044067676416,
                0.45733004819933354,
                0.47100820263741283,
                0.48947917138450675,
                0.5123295964321773,
                0.5385734199474398,
                0.5669393092402789,
                0.5965111778885072,
                0.6276022530921259,
                0.6623926720103797,
                0.704846986549115,
                0.7599346702348823,
                0.832921703063888,
                0.9298716884296518,
                1.0600418706233878,
                1.2399902466961463,
                1.499074789879486,
                1.8863594989290398,
                2.4758936546106374,
                3.357368975989137,
                4.590356716772485,
                6.116009442962451,
                7.673005820742988,
                8.814396625492837,
                9.086680347324265,
                8.292437405804806
            ],
            "median": 0.9784920473479009
        },
        "true": {
            "density": [
                8.292437405804439,
                9.086680347324474,
                8.814396625493634,
                7.673005820741857,
                6.116009442963016,
                4.590356716772664,
                3.3573689759885346,
                2.4758936546108967,
                1.8863594989293613,
                1.4990747898794674,
                1.2399902466961619,
                1.0600418706233652,
                0.9298716884295826,
                0.8329217030639117,
                0.7599346702348957,
                0.7048469865491238,
                0.6623926720104043,
                0.6276022530921226,
                0.5965111778884785,
                0.566939309240294,
                0.5385734199474207,
                0.5123295964321773,
                0.4894791713844867,
                0.47100820263740445,
                0.4573300481993311,
                0.44818044067676654,
                0.4425281796191452,
                0.4385833423913945,
                0.4342100804153893,
                0.42789725143803325,
                0.4198504079621346,
                0.41229104874539957,
                0.4083784619317263,
                0.41024439113306904,
                0.41748034493281067,
                0.42715513031700036,
                0.4352934325627738,
                0.43879324528163016,
                0.43669042611787,
                0.4302459667349612,
                0.42199254670395675,
                0.4143545289935708,
                0.4086009738510745,
                0.40460777936927295,
                0.40136945488708703,
                0.39778941124908596,
                0.393228287695894,
                0.38758102281721807,
                0.38104935596322437,
                0.3739367172209832,
                0.36658983104149395,
                0.3593379730348913,
                0.35229795740772035,
                0.34517706036467544,
                0.3373492998656499,
                0.32827305334961226,
                0.3179412974050453,
                0.30694612018473755,
                0.29609133414962663,
                0.2859313638049995,
                0.2766244727856203,
                0.2680766790825859,
                0.26005538642382026,
                0.25212084198761103,
                0.24359313603266192,
                0.23381448674636687,
                0.22259046014193776,
                0.21040163010186266,
                0.1981775718464404,
                0.18684152829101502,
                0.17694462108620787,
                0.1685157537319164,
                0.16112740899938943,
                0.15416777602571868,
                0.1471931771587082,
                0.1400853583688366,
                0.13286404441013955,
                0.12537205379129915,
                0.11722726627240271,
                0.10816122802664292,
                0.09840930367135542,
                0.08869565253767815,
                0.07973845083117187,
                0.0716997556987966,
                0.06409034676060885,
                0.056219807909115745,
                0.047787472247494356,
                0.03912016755779181,
                0.030919402542024958,
                0.023798151124104668,
                0.01798748298480022,
                0.013362529909449165,
                0.009659820187777488,
                0.006673014406916208,
                0.004313852159121496,
                0.002559504105286866,
                0.001371437745426123,
                0.0006552762301288723,
                0.0002765175504813144,
                0.0001023190794847621
            ],
            "median": 0.021507952652099024
        }
    }
}