{
    "predictedClassCount": {
        "false": 5324,
        "true": 1006
    },
    "probabilityDensities": {
        "false": {
            "density": [
                3.399838926435115e-30,
                4.761502563291197e-28,
                5.432944682567174e-26,
                5.050832317700474e-24,
                3.826189879880178e-22,
                2.3620914171943763e-20,
                1.1885535879522193e-18,
                4.875474463833085e-17,
                1.6307965634596375e-15,
                4.449468015914466e-14,
                9.906578983525122e-13,
                1.8008675931303137e-11,
                2.67476431760279e-10,
                3.2488082197469593e-09,
                3.230674437730602e-08,
                2.634009892180916e-07,
                1.7638882999270204e-06,
                9.722860352231108e-06,
                4.422781924077825e-05,
                0.0001665100870783072,
                0.0005204963232675206,
                0.0013555016466298001,
                0.0029514613042556305,
                0.005394488731158748,
                0.0083185811161607,
                0.0109071698971058,
                0.012320408695122964,
                0.012251439922131586,
                0.011075417635467514,
                0.009492432654173235,
                0.008163750037642583,
                0.007737810043676167,
                0.009013019941150053,
                0.012737686514537355,
                0.0190226105770096,
                0.026920618621913993,
                0.034747020005517146,
                0.041068234804021185,
                0.04552201051599708,
                0.048678049039129465,
                0.05121999547393251,
                0.053621216788385426,
                0.05687342962806711,
                0.06323969666495456,
                0.07559727332890681,
                0.09562680383024023,
                0.12270605552294979,
                0.15452735264655054,
                0.18851102529509986,
                0.22282191890585068,
                0.2568348790013402,
                0.2911502797917437,
                0.32685375837419856,
                0.363900551160173,
                0.3996004386327542,
                0.4294840791060678,
                0.4516409160428852,
                0.47080372123142705,
                0.4963237155630263,
                0.5343195247597109,
                0.5815057601042146,
                0.6264174863337063,
                0.656232045378826,
                0.6636948038636552,
                0.6501151061399282,
                0.6235293165454521,
                0.59426014240409,
                0.571024395209607,
                0.5586929709499697,
                0.5573817447225187,
                0.5632081179072367,
                0.57096140454716,
                0.577400913103613,
                0.5829097786117233,
                0.5900523786690424,
                0.6003810521880427,
                0.6133242007417004,
                0.6290806486055616,
                0.652152573815231,
                0.6905876657068857,
                0.7510393936366382,
                0.835062817248162,
                0.9410465329604152,
                1.0701194015654336,
                1.2302236314502053,
                1.4357036053853844,
                1.7074341913551676,
                2.081350510975464,
                2.625667562204784,
                3.450323552461934,
                4.672679708469976,
                6.307249612255377,
                8.115697255963608,
                9.562806276327791,
                10.025077411812836,
                9.181209410360184,
                7.266652225304224,
                4.939906346760398,
                2.874235923538875,
                1.4281530668966536
            ],
            "median": 0.938942280648535
        },
        "true": {
            "density": [
                1.428153066896702,
                2.8742359235390738,
                4.939906346760608,
                7.266652225304301,
                9.181209410360248,
                10.025077411812676,
                9.562806276328097,
                8.11569725596335,
                6.307249612255399,
                4.672679708470033,
                3.4503235524619096,
                2.6256675622047325,
                2.0813505109754717,
                1.7074341913552162,
                1.4357036053853436,
                1.2302236314502382,
                1.0701194015654032,
                0.9410465329603784,
                0.8350628172481976,
                0.7510393936366596,
                0.6905876657068587,
                0.6521525738152205,
                0.6290806486055571,
                0.6133242007417015,
                0.6003810521880469,
                0.5900523786690383,
                0.5829097786117171,
                0.5774009131036151,
                0.5709614045471681,
                0.5632081179072367,
                0.5573817447225118,
                0.5586929709499568,
                0.5710243952096039,
                0.5942601424040942,
                0.623529316545441,
                0.6501151061399305,
                0.6636948038636529,
                0.6562320453788131,
                0.6264174863336952,
                0.5815057601042105,
                0.5343195247597128,
                0.49632371556302096,
                0.4708037212314329,
                0.4516409160428912,
                0.42948407910606473,
                0.3996004386327566,
                0.3639005511601756,
                0.32685375837419883,
                0.291150279791747,
                0.25683487900134455,
                0.22282191890585168,
                0.1885110252951007,
                0.15452735264655082,
                0.12270605552295055,
                0.09562680383023982,
                0.07559727332890702,
                0.06323969666495474,
                0.05687342962806691,
                0.053621216788385426,
                0.05121999547393233,
                0.04867804903912929,
                0.045522010515996955,
                0.04106823480402115,
                0.03474702000551702,
                0.026920618621913944,
                0.019022610577009533,
                0.012737686514537288,
                0.009013019941150044,
                0.0077378100436761394,
                0.008163750037642553,
                0.009492432654173235,
                0.011075417635467525,
                0.012251439922131596,
                0.012320408695122964,
                0.010907169897105811,
                0.00831858111616069,
                0.005394488731158748,
                0.002951461304255646,
                0.0013555016466298025,
                0.0005204963232675244,
                0.00016651008707830778,
                4.422781924077881e-05,
                9.722860352231108e-06,
                1.7638882999270424e-06,
                2.6340098921809767e-07,
                3.2306744377306363e-08,
                3.2488082197470403e-09,
                2.674764317602828e-10,
                1.8008675931303586e-11,
                9.906578983525159e-13,
                4.449468015914608e-14,
                1.6307965634597069e-15,
                4.8754744638332234e-17,
                1.1885535879522784e-18,
                2.362091417194427e-20,
                3.826189879880314e-22,
                5.0508323177007966e-24,
                5.432944682567405e-26,
                4.761502563291434e-28,
                3.399838926435357e-30
            ],
            "median": 0.06105771935146505
        }
    }
}