{
    "predictedClassCount": {
        "false": 5030,
        "true": 1300
    },
    "probabilityDensities": {
        "false": {
            "density": [
                0.0006330724944481402,
                0.0012248638564012215,
                0.0022582266926254413,
                0.003971690360943943,
                0.006671486666161027,
                0.010716508174087288,
                0.016483681104773155,
                0.024314916160498367,
                0.03445441546002534,
                0.04699300635482112,
                0.061840730491704965,
                0.07874627107015898,
                0.09736987085772748,
                0.11739699599915046,
                0.1386596409352628,
                0.1612202664257895,
                0.18537796967484196,
                0.21157943760510156,
                0.24025170853646,
                0.2716063201450604,
                0.3054809010049006,
                0.34127647300559694,
                0.37801828178954877,
                0.4145256502497794,
                0.4496378755663598,
                0.48242341594363963,
                0.5123069571698703,
                0.5390814404077787,
                0.5628168155970904,
                0.5837147079295151,
                0.6019715220453933,
                0.6176970074501514,
                0.6309016585604632,
                0.6415344032849635,
                0.6495383223740439,
                0.6548994641373193,
                0.6576810180310939,
                0.6580467826806098,
                0.6562764566104152,
                0.6527660807927167,
                0.6480023934535943,
                0.6425081418192864,
                0.6367729848163965,
                0.6311984468822398,
                0.6260830000594002,
                0.6216529845860297,
                0.6181179797185015,
                0.615712701695853,
                0.6146935106380781,
                0.6152846809536158,
                0.6176030253152797,
                0.6216096019776377,
                0.6271307867732667,
                0.6339588442614149,
                0.6419993745982926,
                0.651401315270667,
                0.6626017796258094,
                0.67624702030067,
                0.6930009679703938,
                0.7133026277306466,
                0.737161263731613,
                0.7640715132528327,
                0.793092011819783,
                0.8230765017911543,
                0.8529966320470667,
                0.8822674026811083,
                0.9109860649401372,
                0.9400198099598593,
                0.9709174139776541,
                1.0056642791322974,
                1.0463388348894331,
                1.0947521547017973,
                1.1521553713857107,
                1.2190792192821345,
                1.2953317564994635,
                1.3801354546688152,
                1.472347910324667,
                1.570693965722864,
                1.6739467426901373,
                1.7810268377045813,
                1.891028678998344,
                2.0032112040351815,
                2.116989899336104,
                2.2319346724792153,
                2.3477263473976118,
                2.4639811255340924,
                2.579847689321037,
                2.6933371120568115,
                2.8004638233602734,
                2.894432780566894,
                2.9652487994147543,
                3.000167615234022,
                2.9852750360959,
                2.9081443343487554,
                2.7610610664451483,
                2.543905787244623,
                2.2656715647258774,
                1.9438967458579273,
                1.601950575029693,
                1.2648602407015803
            ],
            "median": 0.8156094212521953
        },
        "true": {
            "density": [
                1.2648602407015825,
                1.6019505750297158,
                1.9438967458578893,
                2.2656715647258734,
                2.543905787244623,
                2.761061066445055,
                2.908144334348735,
                2.985275036095953,
                3.000167615234017,
                2.9652487994146437,
                2.8944327805668273,
                2.8004638233602237,
                2.6933371120569074,
                2.5798476893211193,
                2.463981125534189,
                2.3477263473975865,
                2.2319346724792073,
                2.1169898993360587,
                2.003211204035281,
                1.8910286789983506,
                1.7810268377045495,
                1.6739467426901284,
                1.5706939657228445,
                1.4723479103247012,
                1.380135454668847,
                1.2953317564994475,
                1.2190792192821063,
                1.1521553713857127,
                1.0947521547017662,
                1.0463388348894014,
                1.0056642791322956,
                0.9709174139776438,
                0.9400198099598677,
                0.9109860649401276,
                0.8822674026811286,
                0.8529966320470667,
                0.8230765017911748,
                0.7930920118197844,
                0.7640715132528503,
                0.7371612637316012,
                0.7133026277306452,
                0.6930009679703999,
                0.676247020300664,
                0.6626017796258117,
                0.651401315270652,
                0.6419993745982892,
                0.6339588442614025,
                0.627130786773269,
                0.62160960197763,
                0.6176030253152972,
                0.6152846809536038,
                0.6146935106380825,
                0.6157127016958607,
                0.6181179797185147,
                0.6216529845860252,
                0.6260830000594114,
                0.6311984468822488,
                0.6367729848163977,
                0.642508141819275,
                0.648002393453599,
                0.6527660807927109,
                0.6562764566104269,
                0.6580467826806133,
                0.6576810180310951,
                0.6548994641373042,
                0.6495383223740508,
                0.6415344032849509,
                0.6309016585604655,
                0.6176970074501624,
                0.601971522045388,
                0.5837147079295046,
                0.5628168155970834,
                0.5390814404077844,
                0.5123069571698685,
                0.48242341594362853,
                0.4496378755663542,
                0.4145256502497761,
                0.37801828178954844,
                0.341276473005593,
                0.3054809010048995,
                0.2716063201450631,
                0.24025170853646022,
                0.21157943760510137,
                0.1853779696748441,
                0.1612202664257895,
                0.1386596409352633,
                0.1173969959991512,
                0.0973698708577261,
                0.07874627107015898,
                0.06184073049170502,
                0.04699300635482083,
                0.03445441546002519,
                0.024314916160498454,
                0.0164836811047732,
                0.010716508174087126,
                0.006671486666161081,
                0.0039716903609439535,
                0.0022582266926254252,
                0.0012248638564012193,
                0.0006330724944481397
            ],
            "median": 0.1843905787478048
        }
    }
}