{
    "predictedClassCount": {
        "false": 5458,
        "true": 871
    },
    "probabilityDensities": {
        "false": {
            "density": [
                0.014824917248560839,
                0.02442577604486887,
                0.03856206703226667,
                0.05818517527194965,
                0.08371946945420615,
                0.11471099242668344,
                0.14963607185999048,
                0.18599484740063177,
                0.22071477252049293,
                0.25076690003300894,
                0.2738162113000305,
                0.2887188327727632,
                0.29573275022481593,
                0.2963933274237507,
                0.29309559779009464,
                0.28850597265478845,
                0.2849772144534007,
                0.2841386951104055,
                0.2867701620166717,
                0.292963282434865,
                0.30247515162285926,
                0.31512034166064684,
                0.3310464620425921,
                0.35078585334509527,
                0.3750615645586279,
                0.40443330792839555,
                0.438961654742148,
                0.4780878383098907,
                0.5208332317857851,
                0.5662503751355767,
                0.6139115218409024,
                0.6642015243741554,
                0.7182977487460532,
                0.7778783821220433,
                0.8446934716987778,
                0.920128166251161,
                1.0048389013398746,
                1.0985166382218337,
                1.1998321957216636,
                1.3065979070696112,
                1.4161048165127788,
                1.525503817257258,
                1.6320753547580906,
                1.7333193391490107,
                1.8269434625487642,
                1.9109186614858327,
                1.9837189916419804,
                2.044688853863741,
                2.0943024859838784,
                2.1340381825404897,
                2.1657465551352097,
                2.190685527524591,
                2.208658114782544,
                2.217742300764081,
                2.214868500758991,
                2.197076130868826,
                2.1628995937038895,
                2.11322503944182,
                2.0511999811801127,
                1.9812417874021666,
                1.9076262651747404,
                1.8333162399203489,
                1.7595339535402512,
                1.6861935656491884,
                1.612905239463837,
                1.5400387352903404,
                1.4693698698553195,
                1.4040630707280488,
                1.3480270716433078,
                1.3048982137493546,
                1.277008504789521,
                1.2646894335630785,
                1.2661621352475922,
                1.2780787165728416,
                1.2965385674705832,
                1.3181841567069517,
                1.3408892174150617,
                1.363668719815344,
                1.3857636512997813,
                1.4052764738559906,
                1.4180596004970933,
                1.4175815002419134,
                1.396117794438649,
                1.3469659305157495,
                1.2668011265551842,
                1.1571406152036636,
                1.0242859908824034,
                0.8778350806308169,
                0.728458563875517,
                0.5858016556475063,
                0.45710157822783504,
                0.34667145208952316,
                0.2560711908064113,
                0.18467484665487818,
                0.13038795192445438,
                0.09035332143342545,
                0.06154588103412598,
                0.04119623633844873,
                0.027020090514849476,
                0.01727298360580765
            ],
            "median": 0.5633309342176092
        },
        "true": {
            "density": [
                0.01727298360580756,
                0.027020090514849788,
                0.041196236338449425,
                0.061545881034125866,
                0.0903533214334257,
                0.130387951924456,
                0.18467484665488343,
                0.2560711908064149,
                0.3466714520895213,
                0.45710157822783704,
                0.5858016556475063,
                0.7284585638755183,
                0.8778350806308559,
                1.0242859908823831,
                1.157140615203676,
                1.266801126555164,
                1.3469659305157304,
                1.3961177944386192,
                1.4175815002418932,
                1.418059600497106,
                1.405276473855973,
                1.3857636512997813,
                1.3636687198153394,
                1.340889217415026,
                1.318184156706933,
                1.2965385674706016,
                1.2780787165728438,
                1.2661621352475563,
                1.2646894335631345,
                1.277008504789521,
                1.304898213749343,
                1.3480270716432936,
                1.404063070728014,
                1.4693698698553457,
                1.5400387352903404,
                1.6129052394638084,
                1.6861935656491973,
                1.759533953540276,
                1.8333162399202707,
                1.9076262651747946,
                1.9812417874022827,
                2.0511999811800905,
                2.113225039441809,
                2.162899593703882,
                2.1970761308687674,
                2.2148685007589246,
                2.2177423007641286,
                2.2086581147825166,
                2.1906855275245873,
                2.165746555135279,
                2.134038182540429,
                2.0943024859838224,
                2.0446888538637262,
                1.9837189916419347,
                1.910918661485863,
                1.8269434625487868,
                1.7333193391490014,
                1.632075354758082,
                1.5255038172572606,
                1.4161048165128165,
                1.306597907069604,
                1.1998321957216251,
                1.098516638221861,
                1.004838901339887,
                0.9201281662511822,
                0.8446934716987943,
                0.7778783821220419,
                0.7182977487460583,
                0.6642015243741519,
                0.613911521840887,
                0.5662503751355727,
                0.5208332317857842,
                0.4780878383099026,
                0.4389616547421566,
                0.4044333079283959,
                0.3750615645586302,
                0.35078585334509493,
                0.33104646204260413,
                0.3151203416606513,
                0.3024751516228614,
                0.2929632824348666,
                0.2867701620166715,
                0.284138695110406,
                0.2849772144533974,
                0.28850597265478817,
                0.29309559779010275,
                0.29639332742375013,
                0.2957327502248094,
                0.2887188327727632,
                0.2738162113000334,
                0.2507669000330096,
                0.22071477252049176,
                0.1859948474006316,
                0.1496360718599901,
                0.11471099242668212,
                0.08371946945420593,
                0.058185175271949545,
                0.038562067032266466,
                0.02442577604486874,
                0.014824917248560917
            ],
            "median": 0.4366690657823908
        }
    }
}