{
    "predictedClassCount": {
        "false": 5163,
        "true": 1167
    },
    "probabilityDensities": {
        "false": {
            "density": [
                0.343900988572409,
                0.3803094415935816,
                0.41114832063351203,
                0.43549071170514514,
                0.4530484765264469,
                0.4641441670466773,
                0.46959696293934217,
                0.47055493703769,
                0.4683116258401936,
                0.46414020457346,
                0.4591670624124751,
                0.45429319256831285,
                0.4501608055177867,
                0.44715611121833043,
                0.44543719708268054,
                0.44497679895097,
                0.44561171000854216,
                0.44709243195336296,
                0.4491281781345092,
                0.4514237898019497,
                0.4537068301141954,
                0.45574500397534184,
                0.45735566059268357,
                0.45840994132996216,
                0.45883390561975296,
                0.4586079453781485,
                0.4577645867307535,
                0.45638401787769073,
                0.4545867234246705,
                0.4525233553239507,
                0.45036298237905414,
                0.44828159207672597,
                0.4464528051002467,
                0.4450421643476266,
                0.4442053321103939,
                0.44408945818222745,
                0.4448361938936711,
                0.4465844692700635,
                0.44947119509011996,
                0.4536283969392435,
                0.4591758750643127,
                0.4662093416605897,
                0.47478517123672864,
                0.484904347836568,
                0.4964995977306788,
                0.5094304981576626,
                0.5234909120472915,
                0.538431007400291,
                0.5539925189329343,
                0.5699516349593747,
                0.5861603251573724,
                0.602575541961949,
                0.6192675063760147,
                0.6364032045963463,
                0.6542080860494442,
                0.6729156947122008,
                0.6927192957480885,
                0.7137397920991161,
                0.7360199413688374,
                0.7595471785611503,
                0.7842985520300747,
                0.810294203200625,
                0.8376428157585858,
                0.8665645855884271,
                0.8973838828032694,
                0.9304927413065726,
                0.9662946707854069,
                1.0051433086797543,
                1.0472905629377511,
                1.0928543342803843,
                1.141808540122262,
                1.1939908987054746,
                1.249119600542894,
                1.3068102273209203,
                1.366588808943109,
                1.4279035996679796,
                1.4901437960081436,
                1.552675015770776,
                1.6148973680403396,
                1.6763229602650849,
                1.7366582750872637,
                1.795866657569013,
                1.8541807528337524,
                1.912036665165377,
                1.9699119335348336,
                2.028067676208073,
                2.0862194993461385,
                2.1431883899487847,
                2.196606322697011,
                2.2427645020078852,
                2.276687405566687,
                2.292487606313277,
                2.2840046322596135,
                2.2456636727327495,
                2.173422492451821,
                2.0656277434522274,
                1.9235933745938913,
                1.7517532844847106,
                1.5573227497368765,
                1.3495089590675111
            ],
            "median": 0.7793630877021385
        },
        "true": {
            "density": [
                1.3495089590675016,
                1.5573227497368738,
                1.7517532844847168,
                1.923593374593895,
                2.065627743452194,
                2.17342249245184,
                2.2456636727327335,
                2.2840046322595606,
                2.2924876063133666,
                2.2766874055666824,
                2.2427645020078932,
                2.1966063226970696,
                2.1431883899487922,
                2.0862194993461496,
                2.028067676208059,
                1.9699119335347146,
                1.9120366651654552,
                1.8541807528337624,
                1.7958666575690831,
                1.7366582750872266,
                1.6763229602650669,
                1.614897368040308,
                1.5526750157707512,
                1.4901437960081092,
                1.4279035996679899,
                1.3665888089431333,
                1.3068102273208926,
                1.2491196005429273,
                1.1939908987054662,
                1.1418085401222517,
                1.0928543342803725,
                1.0472905629377418,
                1.0051433086797437,
                0.9662946707853897,
                0.930492741306561,
                0.8973838828032551,
                0.8665645855884193,
                0.8376428157585828,
                0.8102942032006394,
                0.7842985520300831,
                0.7595471785611448,
                0.7360199413687903,
                0.7137397920991186,
                0.692719295748086,
                0.6729156947122127,
                0.6542080860494535,
                0.6364032045963338,
                0.6192675063760091,
                0.602575541961949,
                0.586160325157366,
                0.5699516349593838,
                0.5539925189329225,
                0.5384310074002968,
                0.5234909120472951,
                0.5094304981576744,
                0.4964995977306885,
                0.4849043478365602,
                0.4747851712367337,
                0.46620934166059547,
                0.4591758750643241,
                0.4536283969392628,
                0.44947119509013117,
                0.4465844692700532,
                0.4448361938936695,
                0.4440894581822393,
                0.44420533211040025,
                0.4450421643476242,
                0.4464528051002475,
                0.44828159207672197,
                0.45036298237906053,
                0.4525233553239491,
                0.45458672342467615,
                0.4563840178776948,
                0.45776458673075837,
                0.4586079453781574,
                0.4588339056197603,
                0.45840994132996543,
                0.4573556605926811,
                0.45574500397535234,
                0.45370683011419943,
                0.4514237898019465,
                0.4491281781345212,
                0.4470924319533534,
                0.4456117100085453,
                0.4449767989509613,
                0.44543719708268925,
                0.44715611121832965,
                0.4501608055177835,
                0.45429319256831124,
                0.45916706241246696,
                0.46414020457346905,
                0.4683116258401895,
                0.47055493703768414,
                0.4695969629393455,
                0.46414416704668227,
                0.45304847652645175,
                0.4354907117051474,
                0.41114832063350326,
                0.38030944159358493,
                0.34390098857241147
            ],
            "median": 0.2206369122978616
        }
    }
}