{
    "absoluteImportance": {
        "loan": 0.16181911644859026,
        "education": 0.15889976883053084,
        "housing": 0.438460557735262,
        "duration": 0.8957667323407372,
        "marital": 0.12055460122865459,
        "default": 0.005957214308241698,
        "balance": 0.030230086726262612,
        "month": 0.38440998953871347,
        "campaign": 0.20900703147667954,
        "job": 0.17742967267413132,
        "day": 0.06932532597372655,
        "age": 0.022276863308863058
    }
}