{
    "predictedClassCount": {
        "no": 7386,
        "yes": 1684
    },
    "probabilityDensities": {
        "no": {
            "density": [
                0.37121461492077457,
                0.41669483644620176,
                0.4548923062385608,
                0.48415513372855984,
                0.5038060436273822,
                0.5141430124288147,
                0.5162820637772725,
                0.5118962751926218,
                0.5029192471770842,
                0.49127451746822903,
                0.4786713820952958,
                0.4664822042827152,
                0.45569514556266294,
                0.44692387024486924,
                0.4404523129178662,
                0.43629539089113817,
                0.434262209086837,
                0.4340142863246036,
                0.4351163515246975,
                0.4370809031994674,
                0.4394097764475599,
                0.4416360617079686,
                0.4433676140055053,
                0.4443294953610734,
                0.44439845081413337,
                0.4436200987867548,
                0.4422008187602136,
                0.4404717919090298,
                0.4388306777816207,
                0.43767379078102936,
                0.43733504998391814,
                0.43804567068563094,
                0.4399213583839571,
                0.4429746851130763,
                0.44714312972994036,
                0.4523206137400609,
                0.4583826806781266,
                0.4652009792566786,
                0.4726485764812457,
                0.4806013949423127,
                0.4889416833300279,
                0.4975673627268957,
                0.5064077300150414,
                0.5154427965007222,
                0.5247214378165102,
                0.5343728697892268,
                0.5446067184261016,
                0.5556989777476944,
                0.5679642145694257,
                0.5817179865637022,
                0.5972366738479243,
                0.6147235758105879,
                0.6342891623270521,
                0.6559495682959439,
                0.6796417849476825,
                0.7052486195219353,
                0.7326237543515037,
                0.7616086702714727,
                0.7920385370367795,
                0.8237411709373067,
                0.8565384460594224,
                0.890260187307782,
                0.9247756143257616,
                0.9600385630513065,
                0.996133782361078,
                1.0333067837121046,
                1.0719616360997284,
                1.1126195216615327,
                1.1558428009957111,
                1.202140395595036,
                1.2518766487931234,
                1.3052056882442429,
                1.3620472654260884,
                1.4221102658368618,
                1.4849591307771715,
                1.550108427378073,
                1.6171232882953546,
                1.6856996334437684,
                1.7556989599048738,
                1.82711843536331,
                1.8999874013320923,
                1.9741944590709528,
                2.0492629056281495,
                2.124104668554852,
                2.1967930970279133,
                2.2644022720851686,
                2.322963330585709,
                2.3675836910980874,
                2.3927594632242903,
                2.3928826941290744,
                2.3629054198265305,
                2.2990789525068704,
                2.1996509220470406,
                2.0653867914218647,
                1.8997959546113354,
                1.7089868284111758,
                1.5011431508424191,
                1.2856896780205531,
                1.0722804948926938,
                0.8697799838541461
            ],
            "median": 0.7622976089732179
        },
        "yes": {
            "density": [
                0.86977998385414,
                1.072280494892646,
                1.2856896780205873,
                1.5011431508424138,
                1.708986828411203,
                1.899795954611268,
                2.065386791421799,
                2.1996509220469624,
                2.299078952506854,
                2.3629054198265727,
                2.3928826941290873,
                2.3927594632242095,
                2.3675836910980452,
                2.322963330585717,
                2.2644022720852046,
                2.196793097027878,
                2.1241046685548253,
                2.049262905628237,
                1.9741944590709457,
                1.899987401332082,
                1.8271184353633492,
                1.7556989599048645,
                1.6856996334437175,
                1.61712328829532,
                1.5501084273780317,
                1.4849591307771266,
                1.4221102658368923,
                1.3620472654261175,
                1.3052056882442429,
                1.251876648793099,
                1.2021403955950978,
                1.1558428009957604,
                1.1126195216614991,
                1.07196163609974,
                1.0333067837120862,
                0.9961337823610443,
                0.9600385630513543,
                0.9247756143257944,
                0.8902601873077836,
                0.8565384460594316,
                0.8237411709373169,
                0.7920385370367935,
                0.7616086702714674,
                0.7326237543514894,
                0.7052486195219415,
                0.679641784947697,
                0.6559495682959521,
                0.6342891623270454,
                0.6147235758106075,
                0.5972366738479371,
                0.5817179865636981,
                0.5679642145694075,
                0.5556989777476964,
                0.5446067184260998,
                0.5343728697892354,
                0.5247214378165102,
                0.5154427965007121,
                0.506407730015026,
                0.4975673627269072,
                0.48894168333001486,
                0.4806013949423127,
                0.4726485764812491,
                0.46520097925668935,
                0.458382680678125,
                0.4523206137400665,
                0.44714312972993003,
                0.4429746851130653,
                0.4399213583839657,
                0.43804567068562783,
                0.4373350499839096,
                0.43767379078101537,
                0.43883067778162305,
                0.44047179190902275,
                0.44220081876022305,
                0.4436200987867548,
                0.44439845081413965,
                0.44432949536107735,
                0.4433676140055069,
                0.44163606170797015,
                0.4394097764475529,
                0.43708090319947673,
                0.43511635152469824,
                0.43401428632460515,
                0.4342622090868316,
                0.43629539089113045,
                0.4404523129178599,
                0.44692387024486846,
                0.4556951455626735,
                0.4664822042827127,
                0.4786713820952856,
                0.49127451746822903,
                0.5029192471770825,
                0.5118962751926291,
                0.516282063777267,
                0.5141430124288082,
                0.5038060436273814,
                0.48415513372855556,
                0.4548923062385616,
                0.4166948364461951,
                0.37121461492076996
            ],
            "median": 0.2377023910267821
        }
    }
}