{
    "absoluteImportance": {
        "loan": 0.1597058615032109,
        "education": 0.06916589125971537,
        "housing": 0.23657882052246132,
        "duration": 0.7331763606754992,
        "marital_status": 0.06205220926184134,
        "credit_default": 0.0042941415016684225,
        "balance": 0.1335444281390021,
        "month": 0.21183191346582397,
        "contact": 0.5870127068868399,
        "campaign": 0.13023721775985575,
        "job": 0.06131562478245172,
        "day": 0.07156307710543731,
        "age": 0.04395272361884228
    }
}