{
    "predictedClassCount": {
        "false": 26148,
        "true": 5500
    },
    "probabilityDensities": {
        "false": {
            "density": [
                1.8825797638979667e-05,
                5.9179593932285796e-05,
                0.00016915117340041106,
                0.0004407712146018175,
                0.0010503778225878179,
                0.0022974682781035784,
                0.004631440322716208,
                0.00864419074715157,
                0.015010594756016748,
                0.024375423336982487,
                0.037209390080462104,
                0.053679320307462204,
                0.07358838836124215,
                0.09643330750344363,
                0.12158916281309816,
                0.14857147072946952,
                0.1772615922482569,
                0.20795749423977009,
                0.24116532963270346,
                0.2771787203389244,
                0.31564182813583946,
                0.35535711226475236,
                0.39450384815515754,
                0.43120834560049703,
                0.4641922931951943,
                0.4931754166133883,
                0.5188571997250095,
                0.5425302330103714,
                0.5655223077886748,
                0.5886703144088898,
                0.611972654973986,
                0.6345292654466061,
                0.6548331656910192,
                0.671349542985594,
                0.6831369010221966,
                0.6901882975449014,
                0.6933175882123938,
                0.6937009095049742,
                0.6923784729423944,
                0.6899818053550982,
                0.6867491595203403,
                0.6827108666849103,
                0.6778745602883985,
                0.6722989408466705,
                0.6660517489621166,
                0.6591470813388527,
                0.6515833522010942,
                0.643511787054811,
                0.6354178895399011,
                0.6281433403095192,
                0.6226877814729196,
                0.6199056254638471,
                0.6202804420902395,
                0.6238702364896023,
                0.6303848614508584,
                0.6393132198411663,
                0.6500691655488485,
                0.6621681320789738,
                0.6754075108122867,
                0.6899531867039583,
                0.706246506125363,
                0.7247684133373463,
                0.7458184247858888,
                0.7694531216093385,
                0.7955854648347175,
                0.8241143935385858,
                0.8549605379245004,
                0.888011797276178,
                0.9231018111543448,
                0.9601402143185449,
                0.9993781525323208,
                1.041627857134377,
                1.0882095685742361,
                1.1405557017414598,
                1.199674313684652,
                1.2658360902339831,
                1.3387351332107296,
                1.4180527098887645,
                1.5040698288131291,
                1.5979238024776814,
                1.7012947779659762,
                1.8156140940415353,
                1.941149669155991,
                2.0764195238335947,
                2.218275640787116,
                2.362757647527012,
                2.5065257849150204,
                2.648339397989435,
                2.7896471033110983,
                2.933142015680279,
                3.078617583896886,
                3.2169665385201562,
                3.32524548357945,
                3.3669820475662084,
                3.3006843864925264,
                3.095357257290529,
                2.7466352545213493,
                2.2846634814222004,
                1.7679550571023632,
                1.265071233708085
            ],
            "median": 0.8224445839491887
        },
        "true": {
            "density": [
                1.2650712337080625,
                1.7679550571024605,
                2.2846634814223425,
                2.7466352545210957,
                3.095357257290133,
                3.3006843864923328,
                3.366982047565748,
                3.3252454835792076,
                3.2169665385202477,
                3.078617583896749,
                2.933142015680227,
                2.789647103311113,
                2.6483393979890164,
                2.5065257849152207,
                2.3627576475268186,
                2.2182756407869113,
                2.0764195238331964,
                1.9411496691558705,
                1.8156140940414351,
                1.701294777966094,
                1.5979238024776103,
                1.5040698288130785,
                1.418052709889009,
                1.338735133210877,
                1.2658360902337629,
                1.1996743136846306,
                1.1405557017415369,
                1.0882095685743096,
                1.041627857134427,
                0.9993781525323491,
                0.9601402143185346,
                0.9231018111544087,
                0.8880117972761211,
                0.8549605379245081,
                0.8241143935386311,
                0.7955854648347246,
                0.7694531216093167,
                0.7458184247859073,
                0.7247684133373489,
                0.7062465061253353,
                0.6899531867039472,
                0.6754075108122723,
                0.662168132078981,
                0.6500691655488728,
                0.6393132198411401,
                0.6303848614508426,
                0.62387023648963,
                0.6202804420902517,
                0.619905625463846,
                0.6226877814729196,
                0.6281433403095148,
                0.635417889539909,
                0.643511787054795,
                0.6515833522011011,
                0.6591470813388375,
                0.6660517489621048,
                0.6722989408467016,
                0.6778745602883612,
                0.6827108666848763,
                0.6867491595203183,
                0.6899818053550897,
                0.6923784729424066,
                0.6937009095049693,
                0.6933175882123666,
                0.6901882975449014,
                0.683136901022216,
                0.6713495429855988,
                0.6548331656910262,
                0.634529265446597,
                0.6119726549739838,
                0.5886703144088992,
                0.5655223077886719,
                0.5425302330103849,
                0.5188571997249994,
                0.4931754166133699,
                0.4641922931952025,
                0.43120834560050164,
                0.39450384815515194,
                0.3553571122647473,
                0.31564182813582375,
                0.2771787203389264,
                0.24116532963269746,
                0.20795749423977453,
                0.17726159224825314,
                0.14857147072946714,
                0.1215891628130973,
                0.0964333075034426,
                0.07358838836124164,
                0.053679320307462634,
                0.03720939008046128,
                0.02437542333698214,
                0.015010594756016654,
                0.008644190747151462,
                0.004631440322716199,
                0.0022974682781035437,
                0.0010503778225878105,
                0.0004407712146018136,
                0.00016915117340040897,
                5.917959393228527e-05,
                1.88257976389796e-05
            ],
            "median": 0.1775554160508111
        }
    }
}