{
    "predictedClassCount": {
        "false": 5610,
        "true": 719
    },
    "probabilityDensities": {
        "false": {
            "density": [
                6.098561826232828e-07,
                2.326484902285174e-06,
                8.110954765809772e-06,
                2.5879587729029375e-05,
                7.570564372170774e-05,
                0.0002034905751617932,
                0.0005039398549782523,
                0.001153534694542013,
                0.0024496945503638423,
                0.004846133187442166,
                0.008968483179513886,
                0.015590370605801415,
                0.025549711523157024,
                0.039592390312696096,
                0.0581550697121935,
                0.0811463712403429,
                0.10783782040631455,
                0.136982337045047,
                0.16718919703228327,
                0.197415976424966,
                0.22730014254316963,
                0.2570841516625563,
                0.2871243686671167,
                0.3172768671219246,
                0.3465896276222667,
                0.37356480519707796,
                0.39687911220583455,
                0.4161298957761677,
                0.432141371607276,
                0.44663983825029135,
                0.46149018585631035,
                0.47792125866652607,
                0.49612503737471914,
                0.5153641866990359,
                0.534453503741717,
                0.5523495569222946,
                0.5686138471309317,
                0.583624903823136,
                0.5985180163630546,
                0.6149103058536686,
                0.6345402872353157,
                0.6589867168915375,
                0.6895617808834291,
                0.7272996063960165,
                0.7728298118697352,
                0.8260185579329524,
                0.8855645524948101,
                0.9489800845088093,
                1.013268281566988,
                1.0761375346675532,
                1.1371398481058435,
                1.1980736307893882,
                1.2623954969674847,
                1.333913695843784,
                1.4153241740294251,
                1.5071019559267347,
                1.6070305257554254,
                1.7104177600061723,
                1.8108681975032903,
                1.9013579763236854,
                1.975324344386615,
                2.027572555673348,
                2.054964265315391,
                2.0569453624609384,
                2.035908460580741,
                1.9972301143740991,
                1.9487449226862068,
                1.8995422999954572,
                1.858269735936053,
                1.831437428395765,
                1.822345451330007,
                1.831069901660329,
                1.8554835595760226,
                1.8927787283398096,
                1.9407258438085515,
                1.9981128444923228,
                2.064309479309326,
                2.1383151603484007,
                2.217738886302501,
                2.2980238986075907,
                2.3721216329995602,
                2.4308058823491803,
                2.4637228489264245,
                2.4609794543907797,
                2.4147693430153683,
                2.3205432317818726,
                2.177592417534498,
                1.989282467272993,
                1.7631659341104229,
                1.5108398038167963,
                1.2471191488339646,
                0.9882505724548403,
                0.7494240306036869,
                0.5423297556930177,
                0.3735718171488596,
                0.24437512783859494,
                0.15149065425032396,
                0.08881854601406136,
                0.049161705407436314,
                0.025647811616466436
            ],
            "median": 0.6835867987596858
        },
        "true": {
            "density": [
                0.025647811616465933,
                0.04916170540743614,
                0.08881854601405995,
                0.15149065425032154,
                0.24437512783860013,
                0.3735718171488576,
                0.5423297556930138,
                0.7494240306036829,
                0.9882505724548193,
                1.247119148833949,
                1.51083980381678,
                1.7631659341104322,
                1.989282467273039,
                2.1775924175344206,
                2.3205432317817944,
                2.414769343015304,
                2.4609794543908103,
                2.463722848926438,
                2.4308058823491283,
                2.3721216329995984,
                2.298023898607538,
                2.2177388863024934,
                2.1383151603484656,
                2.0643094793092933,
                1.9981128444923086,
                1.9407258438085895,
                1.8927787283398467,
                1.8554835595760786,
                1.8310699016603094,
                1.8223454513299973,
                1.831437428395765,
                1.8582697359360663,
                1.899542299995481,
                1.948744922686148,
                1.997230114374117,
                2.0359084605807736,
                2.056945362461037,
                2.054964265315431,
                2.027572555673424,
                1.9753243443866502,
                1.9013579763237158,
                1.810868197503329,
                1.710417760006154,
                1.6070305257554567,
                1.5071019559268124,
                1.4153241740294276,
                1.333913695843777,
                1.262395496967478,
                1.1980736307894053,
                1.1371398481058494,
                1.0761375346675761,
                1.0132682815669845,
                0.9489800845088296,
                0.8855645524948352,
                0.8260185579329641,
                0.7728298118697379,
                0.7272996063960036,
                0.6895617808834267,
                0.6589867168915293,
                0.6345402872353157,
                0.6149103058536652,
                0.5985180163630546,
                0.5836249038231174,
                0.5686138471309327,
                0.5523495569223014,
                0.5344535037417142,
                0.5153641866990323,
                0.4961250373747209,
                0.47792125866652524,
                0.4614901858563153,
                0.4466398382502969,
                0.4321413716072768,
                0.4161298957761736,
                0.3968791122058296,
                0.37356480519707863,
                0.3465896276222655,
                0.31727686712192515,
                0.2871243686671157,
                0.25708415166255816,
                0.22730014254316802,
                0.19741597642496564,
                0.16718919703228147,
                0.13698233704504797,
                0.10783782040631282,
                0.0811463712403429,
                0.058155069712193246,
                0.039592390312696096,
                0.025549711523156864,
                0.01559037060580136,
                0.008968483179513846,
                0.0048461331874421225,
                0.0024496945503638488,
                0.0011535346945420028,
                0.0005039398549782518,
                0.0002034905751617925,
                7.570564372170721e-05,
                2.5879587729029375e-05,
                8.110954765809714e-06,
                2.326484902285182e-06,
                6.09856182623299e-07
            ],
            "median": 0.31641320124031425
        }
    }
}