{
    "predictedClassCount": {
        "false": 27642,
        "true": 4006
    },
    "probabilityDensities": {
        "false": {
            "density": [
                5.031160659439078e-08,
                3.140344581100525e-07,
                1.6700797218035733e-06,
                7.614080268517574e-06,
                2.9988778522025965e-05,
                0.00010297312951307459,
                0.0003113690753130712,
                0.0008374988828941332,
                0.0020221183710610064,
                0.004416530197545011,
                0.008784626312479228,
                0.01602175626851093,
                0.027006504559769128,
                0.0424393355224497,
                0.06267681051584227,
                0.08751498633422604,
                0.11598928510254132,
                0.14645842286100647,
                0.1771403304548086,
                0.20681835922414257,
                0.23519964283451292,
                0.2627306192083505,
                0.29010154133432353,
                0.31772690008631876,
                0.3453925210152917,
                0.37228628625306964,
                0.3975006389597399,
                0.4206546178997928,
                0.44206243831008885,
                0.46231768192070627,
                0.4817774807567202,
                0.5004214010782837,
                0.5180263671640861,
                0.5343352247546201,
                0.5491084083005865,
                0.5621511748965723,
                0.5734270316781351,
                0.58336552202377,
                0.5933145854143882,
                0.605708249051072,
                0.6234664416719682,
                0.6487840064091334,
                0.6821513130720376,
                0.7223482625529083,
                0.767419879280939,
                0.8159835230776181,
                0.8679596038516504,
                0.9240938494374152,
                0.9846371114762051,
                1.0486455613885854,
                1.115031358894618,
                1.184457131098483,
                1.2597510247693349,
                1.343881949311335,
                1.4372426974047878,
                1.5367003477510732,
                1.6369588206919699,
                1.7327549765634676,
                1.82020248515576,
                1.896750957108187,
                1.9604089854300284,
                2.009240903369913,
                2.041612784562326,
                2.0569123126183415,
                2.056192454895689,
                2.0423555398926228,
                2.019763605876215,
                1.9933936597609272,
                1.9677617099873514,
                1.9458995062396318,
                1.928916053423185,
                1.9167187332860496,
                1.9096071534206525,
                1.9093526732119674,
                1.918672651389773,
                1.939648276063045,
                1.9726483647019082,
                2.0166433547472997,
                2.070357576685537,
                2.132818233826865,
                2.2021877096760996,
                2.2732928653299203,
                2.33581143930987,
                2.3749892277125895,
                2.3750185847679592,
                2.3234757098214107,
                2.214676253537324,
                2.0505279773325484,
                1.8390756334442184,
                1.5923502402770897,
                1.3249742209877797,
                1.0534790508417975,
                0.795206938999087,
                0.5660324357191295,
                0.3774133850032731,
                0.23420262317755058,
                0.13439485223596428,
                0.07085679240195476,
                0.03409570882325579,
                0.014869957836130158
            ],
            "median": 0.6829674852633625
        },
        "true": {
            "density": [
                0.01486995783613025,
                0.03409570882325791,
                0.07085679240195589,
                0.13439485223596787,
                0.23420262317756305,
                0.3774133850032644,
                0.5660324357191265,
                0.7952069389990969,
                1.0534790508417489,
                1.324974220987775,
                1.5923502402771519,
                1.8390756334440486,
                2.0505279773327487,
                2.2146762535371507,
                2.3234757098216834,
                2.375018584768107,
                2.3749892277126907,
                2.3358114393100773,
                2.2732928653301423,
                2.2021877096761697,
                2.1328182338267134,
                2.070357576685445,
                2.016643354747579,
                1.9726483647018591,
                1.9396482760629727,
                1.9186726513896024,
                1.9093526732120114,
                1.9096071534205812,
                1.9167187332859679,
                1.9289160534230925,
                1.9458995062396145,
                1.9677617099873725,
                1.9933936597609272,
                2.019763605876567,
                2.042355539892278,
                2.056192454895711,
                2.0569123126181443,
                2.041612784562206,
                2.0092409033698666,
                1.9604089854299902,
                1.896750957108123,
                1.8202024851554626,
                1.732754976563446,
                1.636958820692031,
                1.5367003477511443,
                1.4372426974047547,
                1.3438819493113399,
                1.2597510247693526,
                1.1844571310985126,
                1.1150313588945744,
                1.04864556138858,
                0.9846371114762051,
                0.9240938494374284,
                0.8679596038516689,
                0.8159835230776022,
                0.7674198792809677,
                0.7223482625529263,
                0.6821513130720037,
                0.6487840064091438,
                0.6234664416719504,
                0.6057082490510526,
                0.5933145854143819,
                0.5833655220237638,
                0.5734270316781188,
                0.5621511748965893,
                0.5491084083005816,
                0.5343352247546087,
                0.5180263671640823,
                0.5004214010782908,
                0.4817774807567117,
                0.46231768192070133,
                0.4420624383100951,
                0.4206546178997816,
                0.3975006389597399,
                0.3722862862530617,
                0.3453925210152942,
                0.31772690008631255,
                0.2901015413343215,
                0.26273061920835095,
                0.23519964283450748,
                0.20681835922414368,
                0.17714033045481173,
                0.14645842286100463,
                0.11598928510253967,
                0.08751498633422619,
                0.06267681051584205,
                0.042439335522450154,
                0.02700650455976877,
                0.01602175626851099,
                0.008784626312479182,
                0.004416530197545081,
                0.0020221183710610246,
                0.0008374988828941273,
                0.00031136907531307287,
                0.00010297312951307385,
                2.998877852202586e-05,
                7.614080268517615e-06,
                1.6700797218035585e-06,
                3.1403445811004524e-07,
                5.031160659439114e-08
            ],
            "median": 0.31703251473663774
        }
    }
}