{
    "predictedClassCount": {
        "false": 11359,
        "true": 2204
    },
    "probabilityDensities": {
        "false": {
            "density": [
                2.76829369433953e-07,
                1.2841848864281867e-06,
                5.263265020445872e-06,
                1.910848519887155e-05,
                6.168530908396451e-05,
                0.0001780176492015851,
                0.00046270308332033,
                0.0010937495150829411,
                0.0023787275563946367,
                0.004817600941072181,
                0.009179722577715136,
                0.016558528617877488,
                0.028314346538612783,
                0.04580422341697675,
                0.06989507324737941,
                0.10043165894128984,
                0.13593936518203684,
                0.17377585469515208,
                0.21076140687357378,
                0.2441337222841915,
                0.27251259093652386,
                0.2964304722699284,
                0.31803987075747947,
                0.3399954165136651,
                0.36404855588743257,
                0.3901422237456555,
                0.4165066638428882,
                0.44064142911727755,
                0.4605544172629836,
                0.4755406087144171,
                0.4861710980946725,
                0.49374855032528253,
                0.49979165973563316,
                0.5058793874448373,
                0.5136914260512652,
                0.5248712642259962,
                0.540623198559279,
                0.5613818854086252,
                0.5869513459772212,
                0.6170981664800156,
                0.6521238649910756,
                0.6929143016608567,
                0.7403843271826839,
                0.7946872986224736,
                0.8546874462348116,
                0.9180019059954377,
                0.9816154787752549,
                1.0428273955583565,
                1.1001859491551726,
                1.1540966962589405,
                1.2068690899340253,
                1.2620577873246703,
                1.3231746498280967,
                1.3922614262006718,
                1.4691213240004648,
                1.5517352597167482,
                1.6375441918288476,
                1.7245589139808255,
                1.8113673878903993,
                1.8960098479830463,
                1.9746540856282504,
                2.0412778219287357,
                2.0889646939902136,
                2.1123978939507286,
                2.11036542093938,
                2.08696003271626,
                2.0506718474024885,
                2.0115716672099597,
                1.9779003399836954,
                1.9538937249844814,
                1.9399752995771324,
                1.934854762218973,
                1.9378067831923689,
                1.949511036482409,
                1.9711715328627213,
                2.003024414031495,
                2.0436512928690402,
                2.0905855998011544,
                2.141398644842812,
                2.193905374688427,
                2.2448460697801993,
                2.287860888872424,
                2.3125502718517943,
                2.3059526585794154,
                2.256128574437447,
                2.1560377974450886,
                2.005712635883449,
                1.8119070698228883,
                1.5859559697308674,
                1.3413606903647186,
                1.0921658075522294,
                0.8520745221630278,
                0.6335534056499627,
                0.44646425379530924,
                0.2965751302694887,
                0.18476279455344985,
                0.10743936094006115,
                0.058056469165773686,
                0.029030961970421314,
                0.013381225621093189
            ],
            "median": 0.6740116124562828
        },
        "true": {
            "density": [
                0.013381225621092892,
                0.02903096197042121,
                0.058056469165774,
                0.10743936094006211,
                0.18476279455345052,
                0.2965751302694787,
                0.44646425379529736,
                0.6335534056499345,
                0.8520745221630248,
                1.092165807552204,
                1.3413606903647233,
                1.5859559697308927,
                1.811907069822869,
                2.0057126358834063,
                2.1560377974452036,
                2.2561285744374384,
                2.3059526585794687,
                2.3125502718517534,
                2.2878608888725176,
                2.244846069780255,
                2.193905374688497,
                2.1413986448428046,
                2.090585599801121,
                2.043651292869073,
                2.003024414031495,
                1.9711715328626722,
                1.9495110364823642,
                1.9378067831924377,
                1.9348547622189352,
                1.9399752995771429,
                1.953893724984405,
                1.9779003399835937,
                2.011571667209985,
                2.0506718474025143,
                2.086960032716271,
                2.1103654209394476,
                2.1123978939508037,
                2.0889646939902358,
                2.0412778219287286,
                1.9746540856281978,
                1.8960098479830159,
                1.8113673878903285,
                1.7245589139807858,
                1.637544191828862,
                1.5517352597167429,
                1.4691213240005143,
                1.392261426200652,
                1.323174649828038,
                1.2620577873246814,
                1.206869089933974,
                1.1540966962589383,
                1.1001859491551589,
                1.0428273955583323,
                0.9816154787752671,
                0.9180019059954214,
                0.8546874462348207,
                0.7946872986224609,
                0.7403843271826956,
                0.6929143016608235,
                0.652123864991086,
                0.6170981664800024,
                0.58695134597724,
                0.5613818854086213,
                0.5406231985592771,
                0.5248712642260166,
                0.5136914260512596,
                0.5058793874448337,
                0.4997916597356394,
                0.49374855032529047,
                0.48617109809467507,
                0.47554060871440695,
                0.46055441726297786,
                0.4406414291172713,
                0.416506663842889,
                0.39014222374564583,
                0.3640485558874339,
                0.33999541651366993,
                0.31803987075747836,
                0.2964304722699268,
                0.27251259093651997,
                0.24413372228419108,
                0.21076140687357228,
                0.17377585469515394,
                0.13593936518203587,
                0.10043165894129127,
                0.06989507324737891,
                0.04580422341697634,
                0.028314346538612607,
                0.01655852861787756,
                0.00917972257771507,
                0.004817600941072139,
                0.002378727556394639,
                0.0010937495150829333,
                0.00046270308332032424,
                0.00017801764920158131,
                6.168530908396375e-05,
                1.910848519887138e-05,
                5.263265020445732e-06,
                1.284184886428157e-06,
                2.7682936943395347e-07
            ],
            "median": 0.3259883875437171
        }
    }
}