{
    "predictedClassCount": {
        "false": 5181,
        "true": 1149
    },
    "probabilityDensities": {
        "false": {
            "density": [
                0.00026019231226703397,
                0.0004719361793175474,
                0.000805029716020638,
                0.001304464494058498,
                0.0020323080952660546,
                0.0030823087908719684,
                0.004595699321457838,
                0.006765451197913247,
                0.009814269702455001,
                0.013940547562096648,
                0.019245128820119257,
                0.02566998713183143,
                0.032983942330658676,
                0.04083286620684629,
                0.0488390685595791,
                0.05670567354798159,
                0.06427664213274933,
                0.07152823356182483,
                0.0785095493879611,
                0.08528121692301939,
                0.09189907856582903,
                0.09845248720712314,
                0.10511915040387154,
                0.11217614229495537,
                0.1199301026297898,
                0.12858615777598273,
                0.13812613093513149,
                0.14827527890511494,
                0.15859419987162904,
                0.1686627444943393,
                0.17826614243672328,
                0.18748358616223737,
                0.19662557560494576,
                0.2060474868426206,
                0.21593917193176623,
                0.2262095339661196,
                0.23653482460888325,
                0.24654646874007372,
                0.2560533324150548,
                0.2651725384282554,
                0.2742936390116258,
                0.2838930934666221,
                0.2942973281096107,
                0.30551818925000845,
                0.31724122963995605,
                0.3289623228577545,
                0.3401940755226485,
                0.35064300577902546,
                0.36029323162670585,
                0.36938565960003567,
                0.3783148946804632,
                0.387474106272191,
                0.3970844562564152,
                0.4070650379517971,
                0.41701166818611035,
                0.42632269954596747,
                0.4344311631524176,
                0.4410213007562175,
                0.446094138151605,
                0.44983430423135345,
                0.45237271215855235,
                0.45363183822793185,
                0.4533965248138014,
                0.45158629339888534,
                0.4485336943316411,
                0.445036880360664,
                0.4420982255675567,
                0.44048678453786283,
                0.4404004602763884,
                0.44144709427524176,
                0.44295662685087933,
                0.4444362909272124,
                0.44592583888829707,
                0.4481107877177323,
                0.45220119428614913,
                0.45966640686921323,
                0.47190977768374104,
                0.48993743011864166,
                0.514086495562101,
                0.5439205523054744,
                0.5784069070531914,
                0.6164205171530236,
                0.6575063786520036,
                0.7027528630118504,
                0.755632355046955,
                0.8227424287215147,
                0.9144820107563123,
                1.045754783694555,
                1.2366959854637152,
                1.513007641219353,
                1.90468633277224,
                2.441061006591509,
                3.140080840290014,
                3.9919376576996006,
                4.941678982058733,
                5.880456352620138,
                6.656219252195122,
                7.10831354456536,
                7.117574598019407,
                6.651377479699796
            ],
            "median": 0.9776565623755461
        },
        "true": {
            "density": [
                6.65137747970002,
                7.117574598019066,
                7.108313544564678,
                6.65621925219511,
                5.880456352619867,
                4.941678982058495,
                3.991937657699615,
                3.1400808402901648,
                2.4410610065914136,
                1.9046863327722976,
                1.5130076412192481,
                1.2366959854637394,
                1.045754783694544,
                0.9144820107563171,
                0.8227424287214957,
                0.7556323550469484,
                0.7027528630118478,
                0.6575063786520059,
                0.6164205171530214,
                0.5784069070532079,
                0.5439205523054685,
                0.5140864955621074,
                0.4899374301186347,
                0.4719097776837553,
                0.45966640686919935,
                0.4522011942861443,
                0.44811078771773066,
                0.4459258388883026,
                0.4444362909272179,
                0.4429566268508809,
                0.44144709427524803,
                0.44040046027638763,
                0.4404867845378605,
                0.44209822556755823,
                0.4450368803606656,
                0.44853369433163076,
                0.45158629339888773,
                0.4533965248138078,
                0.45363183822792696,
                0.45237271215855795,
                0.44983430423135745,
                0.4460941381516042,
                0.4410213007562144,
                0.43443116315241914,
                0.4263226995459622,
                0.41701166818612295,
                0.40706503795180576,
                0.3970844562564159,
                0.3874741062721868,
                0.37831489468046253,
                0.3693856596000396,
                0.36029323162670457,
                0.35064300577902235,
                0.3401940755226455,
                0.3289623228577539,
                0.31724122963995605,
                0.30551818925001006,
                0.2942973281096086,
                0.2838930934666226,
                0.27429363901162535,
                0.26517253842825445,
                0.2560533324150539,
                0.2465464687400724,
                0.23653482460888745,
                0.2262095339661216,
                0.2159391719317647,
                0.20604748684262097,
                0.1966255756049475,
                0.18748358616223604,
                0.17826614243672453,
                0.16866274449434052,
                0.1585941998716296,
                0.14827527890511413,
                0.13812613093513346,
                0.12858615777598204,
                0.11993010262979022,
                0.11217614229495437,
                0.10511915040387154,
                0.09845248720712341,
                0.09189907856582928,
                0.08528121692301939,
                0.07850954938796166,
                0.07152823356182476,
                0.06427664213274906,
                0.05670567354798189,
                0.04883906855957914,
                0.04083286620684611,
                0.03298394233065862,
                0.025669987131831336,
                0.019245128820119188,
                0.013940547562096573,
                0.009814269702454984,
                0.006765451197913211,
                0.0045956993214578135,
                0.0030823087908719467,
                0.0020323080952660403,
                0.0013044644940585005,
                0.0008050297160206359,
                0.00047193617931754535,
                0.00026019231226703354
            ],
            "median": 0.022343437624453913
        }
    }
}