{
    "absoluteImportance": {
        "loan": 0.14171173200798387,
        "education": 0.09226775263844939,
        "housing": 0.34142108727448855,
        "duration": 0.7239487456802356,
        "marital": 0.048422956776690104,
        "default": 0.0028949392451599523,
        "balance": 0.15913339504654597,
        "month": 0.24370642672907095,
        "campaign": 0.14674907013518057,
        "job": 0.09364576675217691,
        "day": 0.093181761244731,
        "age": 0.06418482246765594
    }
}