{
    "predictedClassCount": {
        "no": 7393,
        "yes": 1677
    },
    "probabilityDensities": {
        "no": {
            "density": [
                0.0002070275189052458,
                0.0004289432025661699,
                0.0008440067500364017,
                0.0015805914102992313,
                0.0028240537595911066,
                0.00482662269330633,
                0.007912784072460025,
                0.012478291847243578,
                0.01898130873257796,
                0.027924126421438537,
                0.03982346486686236,
                0.05516732590056988,
                0.07435812084329022,
                0.09764618674159624,
                0.12506412099449757,
                0.15637791689923974,
                0.19107221992247556,
                0.22838218530698656,
                0.26737457133147274,
                0.3070694545017177,
                0.34658452250576516,
                0.38527680272060494,
                0.4228507289456827,
                0.4593976839304702,
                0.4953364735382354,
                0.5312442455345698,
                0.5676044580222176,
                0.6045409457198762,
                0.6416324188522885,
                0.6778887506595682,
                0.7119148953132172,
                0.7422106893202414,
                0.7674932747397342,
                0.7869188617462166,
                0.8001320386098396,
                0.8071585857763269,
                0.8082332461436145,
                0.8036742009647665,
                0.7938712336556683,
                0.7793748340556446,
                0.7610092313166612,
                0.7399210839409324,
                0.7175182349420416,
                0.6953161021090898,
                0.6747508122930957,
                0.6570170724746676,
                0.6429568445182489,
                0.6329933732390781,
                0.6270982549855906,
                0.6247965508104592,
                0.6252347205765394,
                0.6273347922893555,
                0.6300288297814158,
                0.6325247674879984,
                0.6345232093423679,
                0.6363050988885328,
                0.6386469585622391,
                0.6425814595013727,
                0.6490830265963752,
                0.6587949835613576,
                0.6719068125729963,
                0.6882332348966698,
                0.7074586725804929,
                0.7294291438038043,
                0.7543423541108554,
                0.782730574208629,
                0.8152359378628051,
                0.8522920195802877,
                0.8938853159060065,
                0.9395384694199398,
                0.9885477141002225,
                1.0403782950180471,
                1.0950418160585393,
                1.153288120296289,
                1.216532778021812,
                1.286561912481271,
                1.3651504869852278,
                1.4537578891824199,
                1.5534183388311185,
                1.6648465992167851,
                1.7886713337210087,
                1.9256286294608747,
                2.076524402820455,
                2.241818201347654,
                2.4207877102852295,
                2.610382852713631,
                2.80403598846859,
                2.9908153029754208,
                3.1553456928428494,
                3.2788394403885732,
                3.3413637613213796,
                3.325143103177535,
                3.2183153051250057,
                3.018247621041077,
                2.7334173792192344,
                2.383090405797127,
                1.9945943748770976,
                1.5987257737927367,
                1.2244615951640618,
                0.8943867781418757
            ],
            "median": 0.8152643982554535
        },
        "yes": {
            "density": [
                0.8943867781419202,
                1.2244615951640097,
                1.5987257737927623,
                1.9945943748770834,
                2.383090405797072,
                2.7334173792191616,
                3.0182476210411466,
                3.218315305125063,
                3.3251431031776177,
                3.34136376132132,
                3.278839440388492,
                3.155345692842956,
                2.9908153029754208,
                2.804035988468565,
                2.610382852713682,
                2.420787710285281,
                2.2418182013475825,
                2.076524402820462,
                1.9256286294608849,
                1.788671333720888,
                1.6648465992168058,
                1.5534183388311211,
                1.453757889182513,
                1.3651504869852473,
                1.2865619124813485,
                1.2165327780218596,
                1.1532881202962788,
                1.09504181605852,
                1.0403782950180547,
                0.9885477141002418,
                0.9395384694199281,
                0.8938853159060017,
                0.8522920195802892,
                0.8152359378627819,
                0.7827305742086067,
                0.7543423541108661,
                0.7294291438038095,
                0.7074586725805205,
                0.6882332348966869,
                0.6719068125730071,
                0.6587949835613552,
                0.6490830265963925,
                0.6425814595013783,
                0.638646958562272,
                0.6363050988885373,
                0.6345232093423894,
                0.6325247674880073,
                0.6300288297814125,
                0.6273347922893454,
                0.625234720576546,
                0.6247965508104403,
                0.6270982549855928,
                0.632993373239068,
                0.6429568445182421,
                0.6570170724746617,
                0.6747508122930993,
                0.6953161021091021,
                0.7175182349420467,
                0.7399210839409219,
                0.7610092313166706,
                0.7793748340556681,
                0.7938712336556669,
                0.8036742009647708,
                0.8082332461435799,
                0.8071585857763542,
                0.800132038609858,
                0.7869188617462293,
                0.7674932747397342,
                0.7422106893202625,
                0.7119148953132286,
                0.6778887506595634,
                0.6416324188522805,
                0.6045409457198815,
                0.5676044580222035,
                0.5312442455345793,
                0.4953364735382363,
                0.4593976839304718,
                0.4228507289456737,
                0.38527680272060494,
                0.3465845225057559,
                0.3070694545017149,
                0.2673745713314661,
                0.22838218530698534,
                0.1910722199224803,
                0.15637791689923974,
                0.12506412099449557,
                0.09764618674159814,
                0.07435812084328955,
                0.05516732590057012,
                0.03982346486686194,
                0.027924126421438537,
                0.018981308732577723,
                0.012478291847243578,
                0.007912784072459988,
                0.004826622693306321,
                0.0028240537595911144,
                0.0015805914102992342,
                0.0008440067500363973,
                0.0004289432025661718,
                0.00020702751890524688
            ],
            "median": 0.18473560174454642
        }
    }
}