{
    "predictedClassCount": {
        "false": 5273,
        "true": 1056
    },
    "probabilityDensities": {
        "false": {
            "density": [
                0.34552341935944647,
                0.38326387869002865,
                0.4153792421803619,
                0.44085799282078525,
                0.45937582940221094,
                0.4712735861600865,
                0.47742960676750074,
                0.47906062935323634,
                0.47749739225744736,
                0.47398080000086085,
                0.4695133283624915,
                0.46478296634276295,
                0.46015889836819296,
                0.4557439110277364,
                0.4514606770780895,
                0.44714784974134586,
                0.4426457997053528,
                0.43785857664184585,
                0.43278610633477593,
                0.4275271994317039,
                0.4222588471036856,
                0.41720028194221276,
                0.4125714659894318,
                0.4085552251354908,
                0.40527043285300024,
                0.4027608034005879,
                0.4010004638161533,
                0.3999141165071694,
                0.3994068635898297,
                0.39939710324296296,
                0.39984558201797776,
                0.4007747136083197,
                0.40227444751423197,
                0.40449387926082686,
                0.40762084756767736,
                0.41185426251088264,
                0.417375192370606,
                0.4243224128447721,
                0.43277627822706416,
                0.4427520423666925,
                0.45420113552657937,
                0.46701736002861033,
                0.4810450014695814,
                0.49608723955728307,
                0.5119151331519569,
                0.5282787940246159,
                0.544922431947101,
                0.5616037208010571,
                0.5781160478538486,
                0.5943106121383596,
                0.6101147666379679,
                0.6255436223818017,
                0.6407033512184924,
                0.6557861787039279,
                0.6710582329849748,
                0.6868420741434329,
                0.703496058331532,
                0.7213929251897199,
                0.7409001407139749,
                0.7623643018078716,
                0.7861009690172984,
                0.8123895848675986,
                0.8414711230073592,
                0.8735446940313564,
                0.9087594062341018,
                0.9471996973511262,
                0.9888655857513418,
                1.0336525402823649,
                1.081337455967983,
                1.1315766456619636,
                1.1839190134621618,
                1.2378339117815476,
                1.2927502510349045,
                1.3481023676923038,
                1.4033789254450937,
                1.4581725120097595,
                1.5122279286774207,
                1.5654853808604967,
                1.6181111871148248,
                1.6705049608707938,
                1.7232707830737317,
                1.777142286195994,
                1.8328577839656592,
                1.890989912389028,
                1.951742317626402,
                2.014732121170199,
                2.078781346121164,
                2.1417448189279122,
                2.2004077768752857,
                2.2504927887549306,
                2.286818425123326,
                2.303644552274023,
                2.295214903912129,
                2.2564654270980475,
                2.18381386861145,
                2.0758975686050647,
                1.9341018120266287,
                1.7627360131378935,
                1.568773689607313,
                1.3611633356646868
            ],
            "median": 0.7777475611811377
        },
        "true": {
            "density": [
                1.36116333566467,
                1.5687736896073632,
                1.7627360131378464,
                1.9341018120266116,
                2.075897568605061,
                2.1838138686115354,
                2.256465427098136,
                2.2952149039121004,
                2.3036445522740068,
                2.2868184251232124,
                2.2504927887549266,
                2.2004077768752857,
                2.141744818927958,
                2.0787813461210902,
                2.0147321211701597,
                1.9517423176263395,
                1.8909899123890312,
                1.832857783965604,
                1.7771422861959847,
                1.7232707830737226,
                1.670504960870797,
                1.6181111871148361,
                1.5654853808605218,
                1.5122279286774287,
                1.4581725120097206,
                1.403378925445131,
                1.3481023676922463,
                1.2927502510349136,
                1.2378339117815191,
                1.183919013462206,
                1.1315766456619516,
                1.0813374559679734,
                1.033652540282341,
                0.9888655857513207,
                0.9471996973511229,
                0.9087594062340969,
                0.8735446940313626,
                0.8414711230073592,
                0.8123895848676217,
                0.7861009690173222,
                0.7623643018078743,
                0.740900140713959,
                0.7213929251897199,
                0.7034960583315369,
                0.6868420741434292,
                0.6710582329849677,
                0.6557861787039384,
                0.6407033512184982,
                0.6255436223817827,
                0.6101147666379604,
                0.5943106121383753,
                0.5781160478538465,
                0.5616037208010641,
                0.5449224319471108,
                0.5282787940246084,
                0.5119151331519515,
                0.49608723955728656,
                0.48104500146956686,
                0.4670173600286211,
                0.4542011355265838,
                0.4427520423666945,
                0.43277627822705145,
                0.42432241284478156,
                0.4173751923706079,
                0.4118542625108856,
                0.4076208475676716,
                0.4044938792608315,
                0.40227444751422625,
                0.40077471360832073,
                0.39984558201798454,
                0.39939710324296895,
                0.3994068635898283,
                0.39991411650716235,
                0.4010004638161515,
                0.4027608034005861,
                0.40527043285299597,
                0.40855522513548137,
                0.41257146598944866,
                0.4172002819422076,
                0.4222588471036894,
                0.4275271994317055,
                0.4327861063347721,
                0.43785857664184585,
                0.4426457997053548,
                0.4471478497413447,
                0.45146067707809956,
                0.45574391102773765,
                0.46015889836819296,
                0.46478296634276706,
                0.4695133283624865,
                0.47398080000085496,
                0.4774973922574448,
                0.47906062935323723,
                0.47742960676749735,
                0.47127358616008735,
                0.4593758294022134,
                0.4408579928207841,
                0.4153792421803667,
                0.38326387869003375,
                0.3455234193594495
            ],
            "median": 0.2222524388188622
        }
    }
}