{
    "predictedClassCount": {
        "false": 5488,
        "true": 842
    },
    "probabilityDensities": {
        "false": {
            "density": [
                0.00029626594296161774,
                0.0005806840333020772,
                0.0010872211664009759,
                0.0019476248822171047,
                0.003344128706877568,
                0.005514694315369563,
                0.008753290782712891,
                0.013404304393918208,
                0.019851051721196684,
                0.028498833245924133,
                0.039752785603321454,
                0.05399031541658977,
                0.07152793061144845,
                0.09258350583697876,
                0.117237342392263,
                0.14539784718439516,
                0.17677905031297161,
                0.2108969284625819,
                0.2470899095224687,
                0.28456647514447375,
                0.3224791187000225,
                0.3600179916526341,
                0.39650918685109166,
                0.43149432938529614,
                0.4647653020668422,
                0.4963356698505472,
                0.5263493371223155,
                0.5549510061215474,
                0.5821611990762802,
                0.6078010350487192,
                0.6314954497477965,
                0.652753909811368,
                0.6710971440721542,
                0.6861801386034782,
                0.6978639429318337,
                0.7062115231339988,
                0.7114167806444418,
                0.7137058832972129,
                0.7132616701680767,
                0.7102084579662095,
                0.7046620339120678,
                0.6968147210018172,
                0.6870071253318759,
                0.6757466421623602,
                0.6636626834584702,
                0.6514219495999054,
                0.6396444063069172,
                0.6288531503789254,
                0.6194661298239597,
                0.6118122631147871,
                0.6061448424607572,
                0.6026354363594166,
                0.6013527837823263,
                0.602248345032491,
                0.6051723166270094,
                0.60993021616767,
                0.6163688257592221,
                0.6244628188264111,
                0.6343684729788459,
                0.6464210490617256,
                0.6610736796005123,
                0.6787990085344705,
                0.6999898384853082,
                0.7248943005469951,
                0.753604603615785,
                0.786094526374161,
                0.8222818007642488,
                0.8620865467581347,
                0.9054665818461495,
                0.9524272212629752,
                1.0030170173122166,
                1.0573254424761558,
                1.115493811708133,
                1.1777409919821933,
                1.2443952779193503,
                1.3159161664650367,
                1.392886432585444,
                1.4759576645666148,
                1.5657427268095967,
                1.6626660118102794,
                1.7668030955514544,
                1.8777584883566687,
                1.994634037550074,
                2.116120774515082,
                2.240696671650322,
                2.3668371958399623,
                2.4930720384697707,
                2.6176997814737213,
                2.7380553483458363,
                2.8494304572220654,
                2.9440205433572504,
                3.010482886785642,
                3.0346848729556295,
                3.001909007915578,
                2.900220674676511,
                2.7241137385426075,
                2.47721954957972,
                2.1730090396541373,
                1.833035221720071,
                1.4831152049862601
            ],
            "median": 0.8244137970457178
        },
        "true": {
            "density": [
                1.4831152049862417,
                1.8330352217200514,
                2.1730090396541066,
                2.4772195495797815,
                2.7241137385426026,
                2.900220674676516,
                3.001909007915546,
                3.0346848729555487,
                3.0104828867856686,
                2.9440205433572295,
                2.8494304572219997,
                2.738055348345856,
                2.6176997814737213,
                2.493072038469775,
                2.3668371958399583,
                2.240696671650298,
                2.1161207745150703,
                1.99463403755006,
                1.877758488356642,
                1.7668030955514797,
                1.662666011810232,
                1.5657427268095605,
                1.4759576645665755,
                1.3928864325854835,
                1.3159161664649455,
                1.244395277919379,
                1.1777409919821493,
                1.1154938117080775,
                1.0573254424761653,
                1.0030170173121917,
                0.9524272212630006,
                0.905466581846151,
                0.8620865467581439,
                0.8222818007642605,
                0.786094526374161,
                0.7536046036157769,
                0.7248943005469939,
                0.6999898384853045,
                0.6787990085344862,
                0.6610736796005076,
                0.6464210490617187,
                0.6343684729788426,
                0.6244628188264022,
                0.6163688257592242,
                0.6099302161677024,
                0.6051723166269964,
                0.6022483450324762,
                0.6013527837823306,
                0.602635436359407,
                0.6061448424607593,
                0.6118122631147882,
                0.6194661298239541,
                0.6288531503789008,
                0.6396444063069149,
                0.6514219495999112,
                0.663662683458482,
                0.6757466421623602,
                0.6870071253318784,
                0.6968147210018047,
                0.7046620339120615,
                0.7102084579662108,
                0.7132616701680552,
                0.7137058832971976,
                0.7114167806444367,
                0.7062115231339801,
                0.6978639429318237,
                0.6861801386034673,
                0.6710971440721529,
                0.6527539098113727,
                0.6314954497477954,
                0.6078010350487245,
                0.5821611990762718,
                0.5549510061215405,
                0.5263493371223248,
                0.49633566985053845,
                0.46476530206684635,
                0.43149432938529614,
                0.39650918685109093,
                0.3600179916526373,
                0.3224791187000168,
                0.2845664751444773,
                0.2470899095224643,
                0.21089692846258,
                0.17677905031297098,
                0.1453978471843954,
                0.11723734239226383,
                0.0925835058369791,
                0.07152793061144808,
                0.05399031541658977,
                0.039752785603320996,
                0.028498833245923703,
                0.01985105172119658,
                0.013404304393918017,
                0.00875329078271286,
                0.005514694315369523,
                0.003344128706877452,
                0.0019476248822171134,
                0.0010872211664009644,
                0.0005806840333020695,
                0.0002962659429616146
            ],
            "median": 0.17558620295428215
        }
    }
}