{
    "predictedClassCount": {
        "false": 5583,
        "true": 746
    },
    "probabilityDensities": {
        "false": {
            "density": [
                1.371902724170521e-05,
                4.022107029543475e-05,
                0.00010837196479860861,
                0.00026880498433193897,
                0.0006150678219187752,
                0.0013017283625133675,
                0.002556677133133153,
                0.004679481910773497,
                0.008022286962493588,
                0.012959403407010473,
                0.019859347789205194,
                0.029069247552234962,
                0.040904868371673266,
                0.05562365171973395,
                0.07336329006937756,
                0.09405972879709418,
                0.11739321989921789,
                0.14281400305216077,
                0.16965791445239262,
                0.1973046528076157,
                0.22530303535150253,
                0.25340960326983214,
                0.28153923703463185,
                0.30966963820583915,
                0.3377512039906548,
                0.36565431985976016,
                0.3931593834807266,
                0.41998011802310525,
                0.4458100236608276,
                0.47038168815966974,
                0.49351839245858675,
                0.5151466949226216,
                0.535250398271322,
                0.5537875176794802,
                0.5706373694515848,
                0.5856557032158805,
                0.5988711139218018,
                0.6107675201765266,
                0.6225059758695444,
                0.635904823645069,
                0.6530745051527789,
                0.6757896936981641,
                0.7048813640375935,
                0.7399965151878624,
                0.7799154148923091,
                0.8233030907200419,
                0.8695054193511302,
                0.9189731124155529,
                0.973132939231427,
                1.0338467917118246,
                1.1027694583964744,
                1.1808454104599824,
                1.2679999807170355,
                1.3629814028315717,
                1.4633620211344027,
                1.5657847702145498,
                1.666486107358526,
                1.7619388540706296,
                1.849316300999063,
                1.9265599082117033,
                1.9921141145920322,
                2.0446414464839244,
                2.0830198888673426,
                2.1066540892741905,
                2.1158425134844623,
                2.1118830915687647,
                2.096799451738103,
                2.072839539493367,
                2.0420324145486632,
                2.0060354350962624,
                1.9663489273439363,
                1.9248116699202824,
                1.8841486002944259,
                1.8482443397490587,
                1.8218420237873372,
                1.809599559250059,
                1.8148172723499774,
                1.8384316368110365,
                1.8787752511187539,
                1.932115232916488,
                1.9934416752100292,
                2.056843031017227,
                2.1152386453265524,
                2.1599134992222346,
                2.1806487608128795,
                2.1669457053062438,
                2.110117282099741,
                2.005435750892093,
                1.853496949120931,
                1.6604270904089653,
                1.4370811873765263,
                1.197591806070299,
                0.9575303904471207,
                0.7318312550819781,
                0.5327139742338732,
                0.36803672828286343,
                0.24055865289200526,
                0.14834018004231003,
                0.08608806925495635,
                0.04692124364428088
            ],
            "median": 0.6783518084750605
        },
        "true": {
            "density": [
                0.04692124364428034,
                0.08608806925495788,
                0.14834018004230978,
                0.24055865289199993,
                0.36803672828284545,
                0.5327139742338809,
                0.7318312550819756,
                0.9575303904471428,
                1.1975918060703097,
                1.4370811873765033,
                1.6604270904089653,
                1.8534969491209572,
                2.0054357508920893,
                2.1101172820997,
                2.1669457053063206,
                2.1806487608128835,
                2.159913499222242,
                2.1152386453265373,
                2.0568430310171943,
                1.993441675209994,
                1.9321152329163953,
                1.878775251118814,
                1.8384316368109874,
                1.8148172723499516,
                1.809599559250101,
                1.8218420237872368,
                1.8482443397491046,
                1.8841486002944259,
                1.9248116699202653,
                1.9663489273439256,
                2.006035435096248,
                2.0420324145486632,
                2.072839539493301,
                2.096799451738088,
                2.1118830915687794,
                2.115842513484391,
                2.106654089274254,
                2.083019888867291,
                2.044641446483859,
                1.9921141145919297,
                1.9265599082117033,
                1.8493163009991025,
                1.7619388540706482,
                1.66648610735852,
                1.5657847702145886,
                1.4633620211344573,
                1.3629814028315836,
                1.2679999807170645,
                1.1808454104599866,
                1.1027694583964294,
                1.0338467917118281,
                0.9731329392314374,
                0.9189731124155627,
                0.8695054193511503,
                0.8233030907200419,
                0.7799154148923215,
                0.739996515187865,
                0.7048813640375873,
                0.6757896936981689,
                0.6530745051527904,
                0.635904823645069,
                0.6225059758695399,
                0.6107675201765331,
                0.5988711139218104,
                0.5856557032158752,
                0.5706373694515858,
                0.5537875176794812,
                0.5352503982713354,
                0.5151466949226188,
                0.49351839245859724,
                0.4703816881596689,
                0.4458100236608213,
                0.41998011802311047,
                0.39315938348072277,
                0.36565431985976177,
                0.337751203990653,
                0.30966963820584026,
                0.28153923703463113,
                0.25340960326983125,
                0.22530303535150073,
                0.19730465280761483,
                0.1696579144523905,
                0.14281400305216002,
                0.1173932198992182,
                0.09405972879709476,
                0.07336329006937722,
                0.0556236517197339,
                0.04090486837167359,
                0.02906924755223504,
                0.019859347789205176,
                0.012959403407010428,
                0.008022286962493751,
                0.004679481910773513,
                0.0025566771331331757,
                0.0013017283625133779,
                0.0006150678219187822,
                0.00026880498433194325,
                0.00010837196479860976,
                4.02210702954356e-05,
                1.3719027241705624e-05
            ],
            "median": 0.3216481915249394
        }
    }
}