{
    "absoluteImportance": {
        "loan": 0.15350911828528177,
        "education": 0.07524197046890031,
        "housing": 0.2250151470380348,
        "duration": 0.7039939791906508,
        "marital_status": 0.06264876358138573,
        "credit_default": 0.005755273967205203,
        "balance": 0.11640456451220556,
        "month": 0.20964930912707172,
        "contact": 0.5819025253904855,
        "campaign": 0.12358337068267448,
        "job": 0.05915229342149215,
        "day": 0.08454698181032638,
        "age": 0.04230559911751496
    }
}