{
    "predictedClassCount": {
        "false": 5165,
        "true": 1166
    },
    "probabilityDensities": {
        "false": {
            "density": [
                0.0007096566121612937,
                0.0012638550386948576,
                0.0021646765761090454,
                0.0035726050319545523,
                0.00569337154267119,
                0.008779759267707974,
                0.013130746794261752,
                0.01908832207983866,
                0.027032300180614425,
                0.03737265325562768,
                0.050537224961450834,
                0.06695093652245046,
                0.08700203603309764,
                0.11099303785468544,
                0.13907930012255873,
                0.17120546563172984,
                0.20705616458056533,
                0.24603869188309732,
                0.28730945337807967,
                0.3298436744292335,
                0.37253363583572674,
                0.41429091552347436,
                0.4541278611370025,
                0.4912035673356388,
                0.524835473841125,
                0.554491645382492,
                0.579784162881756,
                0.6004788882278801,
                0.6165246591407282,
                0.6280920242654304,
                0.6356031618470737,
                0.6397326368099591,
                0.6413626933065426,
                0.6414860659145756,
                0.6410634433083483,
                0.6408601241020915,
                0.6413020299571798,
                0.642396923968635,
                0.643755223892572,
                0.6447157179260913,
                0.6445441257860814,
                0.6426431564924046,
                0.6387067005338701,
                0.632773084526668,
                0.6251736389704537,
                0.6164135961783138,
                0.6070430065975927,
                0.5975672858903421,
                0.5884171571605876,
                0.5799643057731994,
                0.5725503863852657,
                0.5665009242752345,
                0.5621156357718017,
                0.5596473702291831,
                0.5592896699044587,
                0.5611847068609624,
                0.5654472958785454,
                0.5721895174321597,
                0.5815321020342048,
                0.5936009625770886,
                0.608520090419964,
                0.6264151600850212,
                0.647432537480959,
                0.6717623903139878,
                0.6996439234850702,
                0.731334425220787,
                0.767041931838247,
                0.8068445728285943,
                0.8506347003894432,
                0.8981232228189032,
                0.9489188376261117,
                1.0026670177787007,
                1.0592081151124306,
                1.1187044454249844,
                1.1816973833567197,
                1.2490827699677984,
                1.322023778409508,
                1.401839203624961,
                1.4899010649776083,
                1.5875496031073975,
                1.696001301144568,
                1.8162084596770751,
                1.9486421628754784,
                2.0930098572343385,
                2.2479593559320232,
                2.4108319288258317,
                2.5774947484183253,
                2.7422282233483064,
                2.8976164249706895,
                3.034435969746536,
                3.1416628036544703,
                3.2068524701772185,
                3.2171871202206614,
                3.1613309081548957,
                3.0318976958092985,
                2.8279396154082823,
                2.5566193277550138,
                2.2333081933334133,
                1.8797876965849183,
                1.5208674376562161
            ],
            "median": 0.8350120477883823
        },
        "true": {
            "density": [
                1.5208674376561622,
                1.8797876965849452,
                2.233308193333445,
                2.5566193277550635,
                2.8279396154081167,
                3.031897695809315,
                3.1613309081548393,
                3.217187120220644,
                3.2068524701771106,
                3.1416628036545093,
                3.0344359697466228,
                2.8976164249707823,
                2.742228223348326,
                2.5774947484183524,
                2.410831928825742,
                2.247959355932043,
                2.0930098572343496,
                1.9486421628755477,
                1.8162084596770427,
                1.6960013011445378,
                1.587549603107406,
                1.489901064977648,
                1.4018392036249359,
                1.322023778409508,
                1.2490827699678029,
                1.1816973833567135,
                1.1187044454249944,
                1.0592081151124004,
                1.002667017778715,
                0.9489188376261033,
                0.8981232228188889,
                0.8506347003894221,
                0.8068445728285615,
                0.7670419318382429,
                0.7313344252207831,
                0.699643923485064,
                0.6717623903139902,
                0.6474325374809452,
                0.6264151600850145,
                0.6085200904199586,
                0.5936009625770633,
                0.5815321020342017,
                0.5721895174321404,
                0.5654472958785434,
                0.5611847068609574,
                0.5592896699044498,
                0.559647370229192,
                0.5621156357718047,
                0.5665009242752396,
                0.5725503863852637,
                0.5799643057732168,
                0.5884171571605897,
                0.59756728589034,
                0.6070430065975874,
                0.6164135961783248,
                0.6251736389704571,
                0.6327730845266781,
                0.6387067005338668,
                0.6426431564924125,
                0.6445441257860655,
                0.6447157179260891,
                0.643755223892572,
                0.642396923968635,
                0.6413020299571774,
                0.6408601241020938,
                0.641063443308354,
                0.6414860659145789,
                0.641362693306529,
                0.6397326368099658,
                0.6356031618470624,
                0.6280920242654227,
                0.6165246591407183,
                0.6004788882278854,
                0.5797841628817592,
                0.5544916453825008,
                0.5248354738411363,
                0.491203567335631,
                0.45412786113699766,
                0.4142909155234762,
                0.37253363583572574,
                0.3298436744292297,
                0.2873094533780804,
                0.2460386918830949,
                0.2070561645805659,
                0.17120546563173153,
                0.139079300122558,
                0.11099303785468662,
                0.08700203603309688,
                0.0669509365224501,
                0.050537224961450834,
                0.037372653255627775,
                0.02703230018061445,
                0.01908832207983839,
                0.013130746794261752,
                0.00877975926770792,
                0.0056933715426711546,
                0.003572605031954549,
                0.0021646765761090376,
                0.0012638550386948509,
                0.0007096566121612937
            ],
            "median": 0.1649879522116179
        }
    }
}