{
    "predictedClassCount": {
        "false": 27747,
        "true": 3901
    },
    "probabilityDensities": {
        "false": {
            "density": [
                0.004111618224657049,
                0.00795291262476159,
                0.015399386698698123,
                0.02910646608018768,
                0.05208071882506015,
                0.08633667209575115,
                0.1312687019476932,
                0.1827818123185131,
                0.23402435186131654,
                0.2775678082329914,
                0.30787117712901557,
                0.3227563483812621,
                0.32345265296501186,
                0.3136920200134414,
                0.298569458717486,
                0.283481322548691,
                0.2730658675474697,
                0.2701762528852426,
                0.2753329726262003,
                0.28714979759223386,
                0.3035572467265268,
                0.3229231079504477,
                0.3443660698243548,
                0.36750727717531695,
                0.39235554086346164,
                0.41943635376000166,
                0.4496381599247357,
                0.4835802384937887,
                0.5211256532307681,
                0.5617025384254283,
                0.6051761628760701,
                0.6523369689658595,
                0.7045347076949802,
                0.7629817099496583,
                0.8285473198136183,
                0.9021697057623315,
                0.985140776482512,
                1.0784731999224364,
                1.1815432025148445,
                1.2912887754861306,
                1.403108561845785,
                1.5130557198769576,
                1.61944352518698,
                1.7222717808263819,
                1.8208757811433398,
                1.911997427197331,
                1.9902915942205173,
                2.0511896936717693,
                2.0939166597307985,
                2.1222362124018224,
                2.1423637065877834,
                2.159680636936478,
                2.1764705618675264,
                2.191623792930127,
                2.2016488057806165,
                2.201965380933282,
                2.1882358928038697,
                2.157877842874372,
                2.1111780926200128,
                2.0509296411240006,
                1.9805842320391152,
                1.9025276080658837,
                1.818061043640932,
                1.7288444025718765,
                1.638066838845915,
                1.5501187538779209,
                1.4692757660576297,
                1.3987931366366362,
                1.34097760916075,
                1.2975193289123588,
                1.269285978476396,
                1.2558205815692043,
                1.2554124776240656,
                1.265976576610563,
                1.28595364048243,
                1.3144036681512143,
                1.350408385035057,
                1.3924184839755018,
                1.4375592600975045,
                1.4804064153018872,
                1.5116819374560972,
                1.518648570783977,
                1.488476535623749,
                1.4134146914727306,
                1.2946545200291353,
                1.142369982436906,
                0.9720316305297897,
                0.7994354000616019,
                0.6371242004655253,
                0.49320700863542705,
                0.37182039138935835,
                0.2740493922858418,
                0.19872354559747546,
                0.1430582270359594,
                0.10325167088369139,
                0.07512923266409503,
                0.054850734112321595,
                0.03952348485906272,
                0.02745943437147735,
                0.017966535522872855
            ],
            "median": 0.5654173608216049
        },
        "true": {
            "density": [
                0.017966535522872615,
                0.02745943437147784,
                0.03952348485906462,
                0.05485073411232023,
                0.0751292326640943,
                0.10325167088369139,
                0.1430582270359594,
                0.19872354559747546,
                0.2740493922858408,
                0.3718203913893636,
                0.4932070086354621,
                0.6371242004655299,
                0.7994354000616047,
                0.9720316305298398,
                1.1423699824369222,
                1.2946545200291766,
                1.4134146914726453,
                1.4884765356237437,
                1.5186485707839716,
                1.5116819374561186,
                1.4804064153018661,
                1.4375592600974612,
                1.392418483975581,
                1.3504083850349968,
                1.314403668151219,
                1.2859536404823753,
                1.2659765766106397,
                1.255412477624012,
                1.2558205815692467,
                1.2692859784764614,
                1.297519328912405,
                1.3409776091607046,
                1.3987931366366733,
                1.4692757660576505,
                1.5501187538778216,
                1.6380668388456647,
                1.7288444025716954,
                1.8180610436407867,
                1.9025276080659008,
                1.9805842320390834,
                2.050929641124088,
                2.111178092619874,
                2.1578778428742034,
                2.188235892803819,
                2.2019653809330904,
                2.201648805781035,
                2.1916237929300846,
                2.1764705618673448,
                2.1596806369366046,
                2.142363706587582,
                2.122236212401619,
                2.0939166597308545,
                2.051189693671558,
                1.9902915942205173,
                1.9119974271972597,
                1.8208757811432201,
                1.7222717808263481,
                1.6194435251867816,
                1.5130557198769683,
                1.403108561845815,
                1.2912887754860756,
                1.1815432025148487,
                1.0784731999224364,
                0.9851407764824979,
                0.9021697057622897,
                0.8285473198135639,
                0.7629817099496623,
                0.704534707694974,
                0.6523369689658339,
                0.6051761628760809,
                0.5617025384254273,
                0.5211256532307829,
                0.4835802384937999,
                0.4496381599247309,
                0.419436353759992,
                0.3923555408634477,
                0.36750727717529996,
                0.34436606982436335,
                0.3229231079504535,
                0.3035572467265246,
                0.287149797592244,
                0.27533297262620965,
                0.270176252885245,
                0.2730658675474668,
                0.28348132254868397,
                0.29856945871748974,
                0.31369202001344304,
                0.3234526529650153,
                0.32275634838126444,
                0.3078711771290145,
                0.2775678082329914,
                0.23402435186131695,
                0.18278181231851082,
                0.13126870194768922,
                0.08633667209575221,
                0.05208071882506029,
                0.029106466080187784,
                0.015399386698698055,
                0.007952912624761504,
                0.004111618224657012
            ],
            "median": 0.43458263917839507
        }
    }
}