{
    "absoluteImportance": {
        "loan": 0.11704261986102997,
        "education": 0.10554623780963607,
        "housing": 0.24629448066107007,
        "marital_status": 0.14807884995089188,
        "credit_default": 0.003549769548771972,
        "balance": 0.03222246665133626,
        "month": 0.3201066792343325,
        "contact": 0.5808248604383783,
        "campaign": 0.163125058112518,
        "job": 0.1181520298391129,
        "day": 0.024739108479545177,
        "age": 0.020750908883094405
    }
}