{
    "predictedClassCount": {
        "false": 11990,
        "true": 1573
    },
    "probabilityDensities": {
        "false": {
            "density": [
                0.005876768442484252,
                0.012030613539024525,
                0.02287254629455961,
                0.04035208404063647,
                0.06603939796834372,
                0.10030265423564193,
                0.14157291702312655,
                0.18614781642029823,
                0.2288417905200019,
                0.26437250367848764,
                0.2889217976020642,
                0.301168857933084,
                0.3024030820404717,
                0.29585005858367114,
                0.28567265098538497,
                0.276045899122991,
                0.2704399003668874,
                0.27109919435328134,
                0.27876481954360216,
                0.29275262435838795,
                0.3114029495079834,
                0.33272681467916865,
                0.3550002173943276,
                0.37716338481321837,
                0.3990198993442776,
                0.42125978876265174,
                0.4452855761479546,
                0.4728235293053097,
                0.5053887165521634,
                0.5437812847309742,
                0.5878615201478776,
                0.6368196435654173,
                0.6899392992484665,
                0.7474897850196265,
                0.8111498730942734,
                0.8835610609550542,
                0.9671654138102594,
                1.0629726437585134,
                1.1699437238937682,
                1.2852693127760304,
                1.4052573245239588,
                1.5261858215505506,
                1.644577803818565,
                1.7568955276951386,
                1.8592393066357176,
                1.9477237169909272,
                2.0196185731765324,
                2.0745542090081335,
                2.114835620111906,
                2.144472413887205,
                2.1674396996505507,
                2.1861595279475527,
                2.200898995731231,
                2.2101014814676483,
                2.211228219017532,
                2.2017110413998404,
                2.1798131093758983,
                2.1452305199819715,
                2.0991938372438406,
                2.043942513845453,
                1.981813544061045,
                1.9144783174532238,
                1.8427469531325829,
                1.7669461627585965,
                1.6875876644900658,
                1.6060674076442865,
                1.5252167102568024,
                1.449417664303634,
                1.3839117640984586,
                1.3332779584981593,
                1.299751156003936,
                1.2824305339464024,
                1.2779703638430118,
                1.2823367420033536,
                1.2925084034158516,
                1.307179930006381,
                1.3263332598834021,
                1.350170797276152,
                1.3778609215477955,
                1.40620861262485,
                1.4284891552589543,
                1.4343282020275923,
                1.4117074724125898,
                1.3510560076240477,
                1.2495576102425436,
                1.1130583358238788,
                0.9543259787233422,
                0.7888248897155655,
                0.6304871565256354,
                0.48925837268331157,
                0.3705544908498882,
                0.27580244835994483,
                0.20337395758568955,
                0.1496948924018809,
                0.11043449244338663,
                0.08153340669433136,
                0.05981591372861847,
                0.043134412287040166,
                0.030195909235968238,
                0.020267118372218014
            ],
            "median": 0.5643013328654021
        },
        "true": {
            "density": [
                0.020267118372218517,
                0.0301959092359684,
                0.043134412287040166,
                0.059815913728618365,
                0.08153340669433035,
                0.11043449244338722,
                0.1496948924018809,
                0.203373957585695,
                0.27580244835993895,
                0.3705544908498902,
                0.48925837268330546,
                0.6304871565256533,
                0.7888248897155558,
                0.9543259787233507,
                1.1130583358238788,
                1.2495576102424926,
                1.3510560076240645,
                1.4117074724125973,
                1.4343282020275923,
                1.428489155258944,
                1.4062086126248552,
                1.3778609215478126,
                1.350170797276102,
                1.3263332598834163,
                1.307179930006381,
                1.2925084034158951,
                1.2823367420033263,
                1.2779703638429505,
                1.282430533946407,
                1.2997511560039177,
                1.333277958498138,
                1.383911764098476,
                1.4494176643036547,
                1.52521671025674,
                1.606067407644301,
                1.6875876644901349,
                1.766946162758562,
                1.8427469531325795,
                1.9144783174532374,
                1.9818135440610414,
                2.043942513845344,
                2.0991938372438406,
                2.1452305199820207,
                2.1798131093759796,
                2.2017110413997973,
                2.2112282190175354,
                2.2101014814676523,
                2.2008989957312504,
                2.186159527947444,
                2.167439699650574,
                2.144472413887136,
                2.1148356201118763,
                2.0745542090081854,
                2.0196185731765075,
                1.947723716990882,
                1.8592393066357111,
                1.7568955276952072,
                1.644577803818603,
                1.5261858215505588,
                1.4052573245238813,
                1.285269312775964,
                1.1699437238937744,
                1.0629726437584568,
                0.9671654138102473,
                0.8835610609550558,
                0.8111498730942619,
                0.7474897850196225,
                0.6899392992484519,
                0.6368196435654365,
                0.5878615201478787,
                0.5437812847309491,
                0.5053887165521465,
                0.47282352930531474,
                0.44528557614795067,
                0.42125978876265024,
                0.3990198993442811,
                0.37716338481322575,
                0.35500021739433835,
                0.33272681467916626,
                0.31140294950798014,
                0.29275262435838484,
                0.27876481954360666,
                0.27109919435327945,
                0.2704399003668917,
                0.27604589912298905,
                0.2856726509853865,
                0.2958500585836774,
                0.3024030820404701,
                0.3011688579330792,
                0.28892179760206216,
                0.2643725036784891,
                0.22884179052000025,
                0.18614781642029626,
                0.1415729170231278,
                0.10030265423564033,
                0.0660393979683436,
                0.040352084040636324,
                0.022872546294559547,
                0.012030613539024439,
                0.00587676844248423
            ],
            "median": 0.4356986671345979
        }
    }
}