{
    "predictedClassCount": {
        "false": 5018,
        "true": 1312
    },
    "probabilityDensities": {
        "false": {
            "density": [
                0.37152979731814295,
                0.4097967818317508,
                0.44194658999688363,
                0.4669648143665048,
                0.48449605753009234,
                0.4948145550375211,
                0.49870643465017866,
                0.4972976935015721,
                0.4918685176693087,
                0.4836898321959464,
                0.47390514589696914,
                0.46346504194793803,
                0.4531081487047372,
                0.44337437885818254,
                0.43463441108803574,
                0.42712242515070903,
                0.4209645059905586,
                0.41620046736073757,
                0.4128005050860729,
                0.41067954620859104,
                0.40971175826022294,
                0.40974622856826015,
                0.4106231859640941,
                0.4121889876082907,
                0.41430778762937504,
                0.4168683656527545,
                0.41978576088564434,
                0.4229986851733061,
                0.4264646926023876,
                0.4301554068607262,
                0.43405364602115465,
                0.43815321731150436,
                0.4424608682904608,
                0.4469988191037061,
                0.45180580925776354,
                0.4569348223554299,
                0.4624465395017774,
                0.4683988799887468,
                0.4748343764399081,
                0.48176822908381806,
                0.48918035593351816,
                0.4970143788371394,
                0.5051852226333433,
                0.5135950621273393,
                0.5221551795311024,
                0.530809502390176,
                0.5395547750699753,
                0.5484528452084944,
                0.5576323867259293,
                0.5672800425261058,
                0.5776236237923534,
                0.5889117548284206,
                0.6013945835152272,
                0.6153088135953096,
                0.6308679026804993,
                0.6482557988352948,
                0.6676211097579825,
                0.6890687852291654,
                0.7126482369524951,
                0.7383396075697866,
                0.7660425011189319,
                0.795572819492647,
                0.8266728173820826,
                0.8590371780863638,
                0.8923544793987542,
                0.9263597553090526,
                0.9608907523298079,
                0.9959384373930039,
                1.0316816158692041,
                1.0684963701624208,
                1.1069336516425812,
                1.1476628744901183,
                1.1913855240941027,
                1.2387297355081173,
                1.2901429932949018,
                1.3458036714447137,
                1.405571406317229,
                1.4689904676815246,
                1.5353498611154497,
                1.6037907375915406,
                1.6734386983065304,
                1.7435289746875997,
                1.8134889371156764,
                1.8829464588035674,
                1.951644345135527,
                2.019258925426608,
                2.0851425150915652,
                2.1480315928270426,
                2.205781430453293,
                2.2551992311519378,
                2.2920469112441184,
                2.311267428038673,
                2.307453323720668,
                2.2755258166421153,
                2.2115362547122586,
                2.1134533770499573,
                1.981775887275575,
                1.8198229119155764,
                1.6336081085414247,
                1.4312869158482218
            ],
            "median": 0.7845001589182656
        },
        "true": {
            "density": [
                1.4312869158482218,
                1.633608108541474,
                1.8198229119155087,
                1.981775887275649,
                2.1134533770500323,
                2.211536254712172,
                2.275525816642063,
                2.307453323720721,
                2.3112674280387058,
                2.2920469112441917,
                2.255199231151922,
                2.2057814304532424,
                2.148031592827081,
                2.0851425150915985,
                2.019258925426554,
                1.95164434513552,
                1.8829464588035039,
                1.8134889371157215,
                1.743528974687575,
                1.6734386983065066,
                1.603790737591609,
                1.5353498611154388,
                1.4689904676815246,
                1.4055714063172366,
                1.3458036714447232,
                1.2901429932948745,
                1.2387297355080886,
                1.1913855240941047,
                1.1476628744900979,
                1.1069336516425399,
                1.0684963701623924,
                1.0316816158692188,
                0.9959384373929809,
                0.960890752329825,
                0.9263597553090328,
                0.8923544793987526,
                0.859037178086373,
                0.8266728173820812,
                0.7955728194926597,
                0.766042501118921,
                0.7383396075698022,
                0.7126482369525129,
                0.6890687852291788,
                0.6676211097579932,
                0.6482557988352948,
                0.6308679026805015,
                0.6153088135953152,
                0.6013945835152326,
                0.5889117548284248,
                0.5776236237923493,
                0.5672800425260978,
                0.5576323867259273,
                0.5484528452084944,
                0.5395547750699705,
                0.5308095023901656,
                0.5221551795311126,
                0.5135950621273403,
                0.5051852226333442,
                0.497014378837142,
                0.4891803559335234,
                0.4817682290838112,
                0.4748343764399115,
                0.4683988799887543,
                0.4624465395017856,
                0.4569348223554372,
                0.4518058092577595,
                0.4469988191037053,
                0.44246086829045683,
                0.4381532173115036,
                0.4340536460211531,
                0.43015540686072695,
                0.4264646926023876,
                0.42299868517331213,
                0.41978576088564357,
                0.41686836565274926,
                0.41430778762936915,
                0.41218898760828704,
                0.41062318596408975,
                0.4097462285682609,
                0.40971175826022804,
                0.41067954620859254,
                0.4128005050860729,
                0.4162004673607361,
                0.4209645059905609,
                0.42712242515070903,
                0.4346344110880334,
                0.44337437885818254,
                0.4531081487047348,
                0.4634650419479314,
                0.4739051458969767,
                0.4836898321959456,
                0.4918685176693096,
                0.49729769350157654,
                0.4987064346501778,
                0.4948145550375184,
                0.48449605753008806,
                0.4669648143665147,
                0.44194658999689146,
                0.4097967818317508,
                0.37152979731814556
            ],
            "median": 0.21549984108173428
        }
    }
}