{
    "predictedClassCount": {
        "false": 5224,
        "true": 1106
    },
    "probabilityDensities": {
        "false": {
            "density": [
                0.0007519400100460489,
                0.0013998402639080127,
                0.002448704084083063,
                0.004037903450185531,
                0.0063001177643566665,
                0.00933892946980663,
                0.013209096766644892,
                0.01790289375872662,
                0.02334279794792772,
                0.029380750886171095,
                0.03580877221137231,
                0.042390255487644184,
                0.0489172334327845,
                0.0552824061063613,
                0.061534545845701394,
                0.0678805186251704,
                0.07461925841736204,
                0.08203350343872322,
                0.0902944332894575,
                0.09942579105289236,
                0.1093304867715205,
                0.1198394728693163,
                0.13073841849872708,
                0.14176667700366746,
                0.1526271957727984,
                0.16304850070571628,
                0.17289078655330553,
                0.1822280910446262,
                0.1913249903151352,
                0.20048248224557016,
                0.20982008421997608,
                0.21912332236477747,
                0.2278679585748081,
                0.23543748733454153,
                0.2414341721784038,
                0.24591993438542598,
                0.24945613727380017,
                0.25292353866385314,
                0.25722395945636745,
                0.2630160469583756,
                0.2705923566693358,
                0.279907150236314,
                0.29068878986670543,
                0.3025613640175332,
                0.31513975459851934,
                0.3280990927407997,
                0.3412213205116613,
                0.3544020471638736,
                0.36759676940834507,
                0.38071394438730444,
                0.39350330619904356,
                0.40550528317409673,
                0.4161036733676299,
                0.4246724052844645,
                0.43075828780072295,
                0.43421947512792486,
                0.4352531041337708,
                0.43429196367559697,
                0.4318152369110681,
                0.428174525994644,
                0.4235459569976797,
                0.41805765565754666,
                0.4120281531891444,
                0.40615387507055684,
                0.40148181522315896,
                0.39912126440329476,
                0.3998202574187103,
                0.4036387333468614,
                0.409908558431351,
                0.4175047970575304,
                0.42527887132821296,
                0.4324384963686061,
                0.43872891528424507,
                0.44440407931725756,
                0.4500761192054591,
                0.45654976109913414,
                0.4647097008796707,
                0.4754841655169028,
                0.489881117085053,
                0.5090741680610552,
                0.5344914614210993,
                0.5678485387108189,
                0.611100014889516,
                0.666381349855689,
                0.7361429396315889,
                0.8237726937802621,
                0.9349674082261955,
                1.079860640656082,
                1.2753976460608467,
                1.5467147656028761,
                1.925570687138886,
                2.4437078630610203,
                3.120114799384215,
                3.9439915594008363,
                4.859239231532434,
                5.759376702392825,
                6.500901490264901,
                6.936500459683752,
                6.959120545707085,
                6.5395352602053505
            ],
            "median": 0.9791536778171914
        },
        "true": {
            "density": [
                6.539535260205096,
                6.959120545707431,
                6.936500459684294,
                6.500901490264451,
                5.759376702392866,
                4.859239231532287,
                3.9439915594009345,
                3.1201147993840763,
                2.4437078630609683,
                1.9255706871388794,
                1.5467147656028404,
                1.275397646060874,
                1.0798606406560474,
                0.9349674082262172,
                0.8237726937802518,
                0.7361429396315928,
                0.6663813498556902,
                0.611100014889515,
                0.5678485387108199,
                0.5344914614211183,
                0.5090741680610417,
                0.48988111708503823,
                0.4754841655168994,
                0.4647097008796731,
                0.4565497610991423,
                0.4500761192054631,
                0.4444040793172528,
                0.4387289152842373,
                0.4324384963686115,
                0.42527887132820164,
                0.41750479705752674,
                0.40990855843135754,
                0.40363873334686284,
                0.3998202574187039,
                0.3991212644032898,
                0.40148181522315607,
                0.4061538750705518,
                0.41202815318914365,
                0.41805765565754294,
                0.4235459569976887,
                0.428174525994644,
                0.4318152369110696,
                0.43429196367560235,
                0.4352531041337739,
                0.4342194751279287,
                0.4307582878007191,
                0.4246724052844615,
                0.41610367336762244,
                0.4055052831740989,
                0.39350330619904633,
                0.3807139443872997,
                0.36759676940834507,
                0.35440204716388113,
                0.34122132051166676,
                0.3280990927407979,
                0.31513975459851823,
                0.30256136401753053,
                0.29068878986670543,
                0.279907150236317,
                0.2705923566693329,
                0.2630160469583733,
                0.2572239594563665,
                0.25292353866385675,
                0.24945613727380062,
                0.24591993438542817,
                0.24143417217840293,
                0.23543748733453904,
                0.2278679585748089,
                0.2191233223647763,
                0.20982008421997905,
                0.20048248224556875,
                0.19132499031513486,
                0.18222809104462587,
                0.17289078655330617,
                0.16304850070571628,
                0.15262719577279785,
                0.1417666770036677,
                0.1307384184987264,
                0.11983947286931672,
                0.10933048677152128,
                0.09942579105289148,
                0.09029443328945776,
                0.08203350343872365,
                0.0746192584173623,
                0.06788051862517029,
                0.061534545845701775,
                0.05528240610636145,
                0.0489172334327845,
                0.042390255487644336,
                0.035808772211372054,
                0.029380750886171016,
                0.02334279794792768,
                0.01790289375872662,
                0.013209096766644867,
                0.00933892946980658,
                0.006300117764356639,
                0.004037903450185521,
                0.0024487040840830434,
                0.0013998402639080066,
                0.0007519400100460456
            ],
            "median": 0.020846322182808637
        }
    }
}