{
    "predictedClassCount": {
        "false": 5287,
        "true": 1043
    },
    "probabilityDensities": {
        "false": {
            "density": [
                0.3652840854053943,
                0.40384289881555535,
                0.43657267515070325,
                0.462462807370858,
                0.48116131423463915,
                0.492954221253348,
                0.4986525750586223,
                0.4994174905436831,
                0.49656218916471656,
                0.4913684416449126,
                0.4849453666201334,
                0.47814509200379374,
                0.4715364072514083,
                0.46542713376651335,
                0.45991980273173133,
                0.45498324794492756,
                0.45052400836251305,
                0.4464449112251911,
                0.4426829221328661,
                0.4392235267035259,
                0.43609385500456,
                0.4333408018805594,
                0.43100292994400374,
                0.42908555785008995,
                0.4275470378165039,
                0.42630107861828254,
                0.42523567443018584,
                0.42424461767905014,
                0.423263722038277,
                0.422301775075064,
                0.4214566587368591,
                0.42091027125841163,
                0.42090132920482054,
                0.42168146961699526,
                0.4234654075860101,
                0.42638837716891376,
                0.4304826002648112,
                0.4356792942083253,
                0.4418353163154659,
                0.4487763936701993,
                0.45634440928790204,
                0.4644358565922663,
                0.4730222542631458,
                0.4821494981134482,
                0.49191948686733505,
                0.502461728046794,
                0.5139038315046768,
                0.5263479953037029,
                0.539857049727903,
                0.5544500535295537,
                0.570105202402367,
                0.5867674270837245,
                0.6043591050524472,
                0.6227937691704025,
                0.6419935158655407,
                0.6619103994819577,
                0.6825505310002203,
                0.703997529456242,
                0.7264302884425466,
                0.7501294688985173,
                0.7754680880152084,
                0.8028839858350046,
                0.8328354045364587,
                0.8657447557282464,
                0.9019390671600345,
                0.9415977085752161,
                0.9847179940650325,
                1.0311066834330824,
                1.0804004392928195,
                1.1321119418810506,
                1.1856923158924357,
                1.240596683367564,
                1.29633941498922,
                1.3525292601381267,
                1.4088808814307379,
                1.4652062699564752,
                1.5213947137988169,
                1.5773917384558134,
                1.6331852811845682,
                1.688802125832194,
                1.744310948674813,
                1.7998220144719366,
                1.8554691213238492,
                1.9113579444094841,
                1.9674674100645924,
                2.023498047304511,
                2.0786740215909867,
                2.131523268465904,
                2.179680194521629,
                2.219772448655599,
                2.2474597955819693,
                2.257681693436707,
                2.245136760333897,
                2.2049646410228876,
                2.133539869190973,
                2.0292357496110696,
                1.892993046997722,
                1.7285466209448377,
                1.5422243365784636,
                1.3423234394022554
            ],
            "median": 0.7775353335831795
        },
        "true": {
            "density": [
                1.3423234394022316,
                1.542224336578417,
                1.728546620944804,
                1.8929930469977794,
                2.0292357496110514,
                2.1335398691909764,
                2.2049646410228325,
                2.245136760333909,
                2.2576816934367554,
                2.2474597955819293,
                2.219772448655595,
                2.179680194521668,
                2.1315232684659264,
                2.078674021590957,
                2.0234980473044573,
                1.967467410064554,
                1.9113579444095758,
                1.8554691213238361,
                1.79982201447194,
                1.744310948674717,
                1.688802125832164,
                1.633185281184487,
                1.5773917384558076,
                1.5213947137988033,
                1.4652062699565036,
                1.4088808814307203,
                1.3525292601381196,
                1.2963394149892384,
                1.2405966833675925,
                1.1856923158924253,
                1.1321119418810688,
                1.0804004392927697,
                1.0311066834331228,
                0.984717994065071,
                0.9415977085751893,
                0.9019390671600329,
                0.8657447557282587,
                0.8328354045364423,
                0.8028839858349947,
                0.7754680880152125,
                0.7501294688985146,
                0.7264302884425519,
                0.7039975294562296,
                0.6825505310002361,
                0.6619103994819636,
                0.6419935158655475,
                0.6227937691704014,
                0.6043591050524462,
                0.5867674270837298,
                0.5701052024023618,
                0.5544500535295606,
                0.5398570497278934,
                0.5263479953037067,
                0.5139038315046787,
                0.5024617280468038,
                0.49191948686734027,
                0.48214949811346103,
                0.4730222542631458,
                0.4644358565922845,
                0.4563444092878907,
                0.4487763936701961,
                0.4418353163154604,
                0.4356792942083222,
                0.43048260026480206,
                0.4263883771689122,
                0.4234654075860003,
                0.42168146961699154,
                0.4209013292048183,
                0.4209102712583959,
                0.42145665873685234,
                0.4223017750750677,
                0.4232637220382725,
                0.4242446176790554,
                0.4252356744301881,
                0.426301078618278,
                0.4275470378165092,
                0.4290855578500953,
                0.4310029299439946,
                0.43334080188055096,
                0.43609385500456,
                0.43922352670353054,
                0.4426829221328606,
                0.4464449112251958,
                0.45052400836251066,
                0.45498324794492273,
                0.4599198027317264,
                0.4654271337665167,
                0.4715364072514058,
                0.47814509200379374,
                0.4849453666201282,
                0.4913684416449135,
                0.4965621891647174,
                0.49941749054367957,
                0.4986525750586144,
                0.492954221253348,
                0.48116131423463915,
                0.4624628073708637,
                0.43657267515070247,
                0.40384289881556035,
                0.36528408540539753
            ],
            "median": 0.22246466641682053
        }
    }
}