{
    "predictedClassCount": {
        "false": 5169,
        "true": 1160
    },
    "probabilityDensities": {
        "false": {
            "density": [
                0.0002780181462791361,
                0.0005728393603380354,
                0.0011249045116241971,
                0.0021073869575751534,
                0.0037703402646890255,
                0.006449532910026983,
                0.010561785236195106,
                0.016580954428861237,
                0.024992332962748037,
                0.0362295199800433,
                0.050605293668152064,
                0.06825388973874565,
                0.0891031756187494,
                0.11288931055365856,
                0.13921395587272226,
                0.16762864209495706,
                0.19771875566439576,
                0.2291570115431205,
                0.2617060686921947,
                0.2951693195524514,
                0.32931006497633264,
                0.36377320443491323,
                0.39804442490453473,
                0.43146959667934703,
                0.46333641165056777,
                0.4929978678347086,
                0.5199994529663413,
                0.544164739249703,
                0.5656026313289604,
                0.5846251828364344,
                0.6016013741576933,
                0.6168042106289762,
                0.6303176569601978,
                0.6420464942459115,
                0.6518240320544108,
                0.6595636948361583,
                0.6653776912428317,
                0.6696024052152423,
                0.6727168123130405,
                0.675191677824489,
                0.6773372626098313,
                0.6792134103099506,
                0.6806346193383328,
                0.6812625931627004,
                0.6807485788860868,
                0.6788771617738697,
                0.6756704846903465,
                0.6714287113072954,
                0.6667003402405425,
                0.6621903078483169,
                0.6586248658669362,
                0.6566018476620229,
                0.6564630426328495,
                0.6582281675306398,
                0.6616214922652591,
                0.6661991493000976,
                0.6715512190637715,
                0.6775197233805447,
                0.6843573502061756,
                0.6927632354415785,
                0.7037707290867039,
                0.7185138223903178,
                0.737942776361846,
                0.7625776840298192,
                0.7923751115817634,
                0.8267450107378622,
                0.8647086331987613,
                0.9051493258709618,
                0.9470869541070831,
                0.9899058485227038,
                1.0334829021524359,
                1.0781917113729453,
                1.12479399679412,
                1.1742623508323093,
                1.2275981146961892,
                1.2857058069637914,
                1.34935888801049,
                1.4192494252183208,
                1.4960742603817987,
                1.5805919102191603,
                1.6735982491629358,
                1.7758095684232262,
                1.8876875583054973,
                2.009264048488076,
                2.1400042865344555,
                2.2786893653860383,
                2.4232327042698123,
                2.570322310178924,
                2.714843531976563,
                2.849192502720838,
                2.962786867875875,
                3.0422146152002516,
                3.0724202322557383,
                3.0390507192508243,
                2.931624644682454,
                2.7467194506374493,
                2.4901287821993017,
                2.177097158961423,
                1.8302969551033776,
                1.4759715346608981
            ],
            "median": 0.8204977949620903
        },
        "true": {
            "density": [
                1.4759715346609035,
                1.830296955103371,
                2.1770971589615082,
                2.490128782199275,
                2.7467194506375323,
                2.931624644682319,
                3.0390507192507754,
                3.072420232255766,
                3.0422146152002516,
                2.9627868678759017,
                2.849192502720883,
                2.7148435319763893,
                2.570322310178956,
                2.4232327042698296,
                2.2786893653859694,
                2.1400042865344555,
                2.009264048488069,
                1.8876875583054369,
                1.775809568423305,
                1.6735982491629238,
                1.5805919102190815,
                1.4960742603818145,
                1.4192494252183157,
                1.3493588880104757,
                1.2857058069637322,
                1.227598114696176,
                1.174262350832278,
                1.12479399679409,
                1.0781917113729473,
                1.0334829021524927,
                0.9899058485227232,
                0.9470869541070831,
                0.9051493258709633,
                0.864708633198789,
                0.8267450107378534,
                0.7923751115817607,
                0.7625776840298151,
                0.7379427763618539,
                0.7185138223903204,
                0.7037707290867127,
                0.6927632354415846,
                0.6843573502061658,
                0.6775197233805494,
                0.6715512190637656,
                0.6661991493000976,
                0.661621492265238,
                0.6582281675306257,
                0.6564630426328367,
                0.6566018476620276,
                0.6586248658669362,
                0.662190307848324,
                0.6667003402405685,
                0.6714287113072906,
                0.6756704846903537,
                0.6788771617738794,
                0.6807485788860929,
                0.6812625931626883,
                0.6806346193383437,
                0.6792134103099603,
                0.6773372626098313,
                0.675191677824501,
                0.6727168123130285,
                0.669602405215247,
                0.6653776912428282,
                0.6595636948361653,
                0.6518240320544073,
                0.642046494245907,
                0.6303176569601967,
                0.6168042106289805,
                0.6016013741577019,
                0.5846251828364282,
                0.5656026313289564,
                0.544164739249701,
                0.5199994529663423,
                0.49299786783470684,
                0.46333641165056616,
                0.4314695966793455,
                0.3980444249045312,
                0.36377320443491423,
                0.32931006497633003,
                0.2951693195524545,
                0.26170606869219726,
                0.2291570115431195,
                0.19771875566439753,
                0.16762864209495662,
                0.1392139558727209,
                0.11288931055365896,
                0.08910317561874798,
                0.06825388973874516,
                0.05060529366815126,
                0.03622951998004327,
                0.024992332962747815,
                0.016580954428861327,
                0.010561785236195049,
                0.006449532910026891,
                0.003770340264689012,
                0.0021073869575751274,
                0.001124904511624181,
                0.0005728393603380257,
                0.00027801814627913165
            ],
            "median": 0.17950220503790976
        }
    }
}