{
    "columns": [
        "balance",
        "campaign",
        "day",
        "age"
    ],
    "shifts": [
        1366.8837841253792,
        2.7699380687563195,
        15.79866026289181,
        40.95712209302326
    ],
    "inv_scales": [
        0.00032218204293404387,
        0.3208810498758816,
        0.12009176253663228,
        0.09412782793689595
    ]
}