{
    "predictedClassCount": {
        "false": 5436,
        "true": 893
    },
    "probabilityDensities": {
        "false": {
            "density": [
                5.517960785805765e-58,
                8.898642469814731e-55,
                1.1481901227791768e-51,
                1.1853564978012352e-48,
                9.791058014050375e-46,
                6.470773575086554e-43,
                3.4216014177312694e-40,
                1.4476056591568142e-37,
                4.900272483011032e-35,
                1.3272154090211314e-32,
                2.8761856940927166e-30,
                4.987136562954603e-28,
                6.91912249810835e-26,
                7.681142715965181e-24,
                6.823227059224937e-22,
                4.8502453627728626e-20,
                2.759166805913208e-18,
                1.2562539375925943e-16,
                4.578553983376456e-15,
                1.3360676655573142e-13,
                3.122643495472267e-12,
                5.848226615462189e-11,
                8.783150193403759e-10,
                1.0589313769954572e-08,
                1.0265089718407317e-07,
                8.019255961797486e-07,
                5.065417745643675e-06,
                2.5990545758910835e-05,
                0.00010900585358008474,
                0.00037670043988187495,
                0.0010828859522376394,
                0.0026160794818267095,
                0.005364214030315686,
                0.009422908721655606,
                0.014332190970707514,
                0.019206089779019615,
                0.023400138584415437,
                0.027168243786692386,
                0.031503902302111815,
                0.03737763887307084,
                0.045534841128628434,
                0.05694699982341447,
                0.07241772368443083,
                0.090919722014607,
                0.10878117042500912,
                0.12162127146941487,
                0.1278129281259516,
                0.13036854170617232,
                0.13566587181920012,
                0.15012839814251505,
                0.1770670921678332,
                0.21533588027203146,
                0.26021423139476435,
                0.3055131696801207,
                0.34568238626147013,
                0.3778550908932037,
                0.403543343176295,
                0.42795788068964213,
                0.45612365275820144,
                0.4893034518402589,
                0.5255730206808352,
                0.5625218275710473,
                0.5972517030233248,
                0.6244421052289119,
                0.6378657286467486,
                0.6361259074452319,
                0.6263838997091006,
                0.620776175584503,
                0.6278278308828199,
                0.6461432535845848,
                0.6655177271187461,
                0.6747086853528277,
                0.6700075305823844,
                0.6580239340951448,
                0.6511760019926409,
                0.6600353684087726,
                0.6875093848452852,
                0.7284542183459245,
                0.775862458482425,
                0.8285806289054201,
                0.8920437408912909,
                0.9711620740855335,
                1.064912276582053,
                1.170432761159281,
                1.2926645868789859,
                1.449976712754619,
                1.6737774405473815,
                2.010534608206006,
                2.534100043984543,
                3.359066704447594,
                4.6164008956252145,
                6.340799937213199,
                8.288474585256175,
                9.856181730468585,
                10.315492513565005,
                9.302673231758927,
                7.13831020395142,
                4.627828563195684,
                2.525165623770119,
                1.157241106604829
            ],
            "median": 0.938554438236158
        },
        "true": {
            "density": [
                1.1572411066048125,
                2.5251656237702313,
                4.62782856319575,
                7.138310203951585,
                9.302673231758579,
                10.31549251356451,
                9.856181730468567,
                8.288474585256381,
                6.34079993721356,
                4.616400895625239,
                3.3590667044476534,
                2.534100043984642,
                2.010534608206027,
                1.6737774405473904,
                1.449976712754619,
                1.2926645868789584,
                1.170432761159306,
                1.0649122765820773,
                0.9711620740855593,
                0.8920437408913051,
                0.8285806289054172,
                0.775862458482425,
                0.7284542183459257,
                0.687509384845284,
                0.6600353684087503,
                0.6511760019926328,
                0.6580239340951518,
                0.6700075305823915,
                0.6747086853528301,
                0.6655177271187367,
                0.6461432535845814,
                0.6278278308828243,
                0.6207761755845042,
                0.6263838997090917,
                0.6361259074452319,
                0.6378657286467508,
                0.6244421052289119,
                0.5972517030233205,
                0.5625218275710493,
                0.525573020680838,
                0.4893034518402572,
                0.4561236527581974,
                0.4279578806896429,
                0.403543343176295,
                0.3778550908932037,
                0.3456823862614726,
                0.30551316968011855,
                0.2602142313947634,
                0.21533588027202993,
                0.1770670921678332,
                0.1501283981425149,
                0.13566587181919962,
                0.1303685417061729,
                0.1278129281259509,
                0.12162127146941487,
                0.10878117042500893,
                0.09091972201460709,
                0.07241772368443122,
                0.056946999823414265,
                0.04553484112862823,
                0.03737763887307084,
                0.031503902302111815,
                0.027168243786692362,
                0.023400138584415437,
                0.019206089779019563,
                0.014332190970707462,
                0.009422908721655531,
                0.005364214030315638,
                0.0026160794818266674,
                0.001082885952237624,
                0.00037670043988186693,
                0.00010900585358008241,
                2.5990545758910375e-05,
                5.065417745643531e-06,
                8.01925596179733e-07,
                1.0265089718406952e-07,
                1.0589313769954197e-08,
                8.783150193403602e-10,
                5.84822661546196e-11,
                3.1226434954721786e-12,
                1.3360676655572478e-13,
                4.5785539833762934e-15,
                1.256253937592505e-16,
                2.7591668059130704e-18,
                4.850245362772725e-20,
                6.823227059224452e-22,
                7.681142715964853e-24,
                6.919122498107858e-26,
                4.987136562954355e-28,
                2.8761856940924714e-30,
                1.3272154090210184e-32,
                4.900272483010684e-35,
                1.4476056591566908e-37,
                3.421601417731075e-40,
                6.4707735750859105e-43,
                9.791058014049678e-46,
                1.185356497801168e-48,
                1.1481901227790136e-51,
                8.8986424698141e-55,
                5.5179607858054506e-58
            ],
            "median": 0.06144556176384197
        }
    }
}