{
    "predictedClassCount": {
        "false": 5628,
        "true": 702
    },
    "probabilityDensities": {
        "false": {
            "density": [
                0.0132616690192177,
                0.023233217883765773,
                0.03839827241950823,
                0.05988671059124756,
                0.08817442813021786,
                0.1226389273974805,
                0.16129805584241758,
                0.20091711443019916,
                0.23756229513902974,
                0.2674930658999653,
                0.28811031744045673,
                0.2986137280264382,
                0.30012131483533605,
                0.2952254986794843,
                0.2871913367694162,
                0.27912633895255273,
                0.27341076972441597,
                0.2715072676191617,
                0.27407457210891834,
                0.28120433495044866,
                0.2926273508410617,
                0.30784419703206956,
                0.3262237588364516,
                0.34711981916255885,
                0.3700066243855946,
                0.39460025111883457,
                0.4209466021280371,
                0.4494837915243936,
                0.4810782901763235,
                0.5169974555703094,
                0.5587721051582429,
                0.6079521329572083,
                0.6658225619487277,
                0.733156300009614,
                0.8100264242791987,
                0.8956617396382365,
                0.9883735862947329,
                1.085668374716927,
                1.1846585148577695,
                1.282720163501922,
                1.3781188181636095,
                1.47024464846743,
                1.5592892632934983,
                1.645544218182756,
                1.7287467712712858,
                1.8078548857944434,
                1.8813474938975694,
                1.9478353212357167,
                2.0066275183012197,
                2.057968989985746,
                2.1028489163626047,
                2.142467463976591,
                2.177572916725104,
                2.2079284823651246,
                2.232127904339079,
                2.247847336378438,
                2.252430985082088,
                2.243549138641004,
                2.219644588722714,
                2.1800345015636933,
                2.124773546943377,
                2.054541273564361,
                1.9707651372666322,
                1.8759569377313934,
                1.7739981300561705,
                1.6700476076927238,
                1.5699229935004615,
                1.479111524550273,
                1.401802689608354,
                1.3403524656232224,
                1.2953726896308593,
                1.266311087502482,
                1.2521396940616556,
                1.2517519920130533,
                1.2638880118473046,
                1.2867065844522045,
                1.3172987285650843,
                1.3513965906405756,
                1.3833765296982106,
                1.4065559850257496,
                1.4138014401215424,
                1.3984875142534106,
                1.355736373589556,
                1.2836413683932784,
                1.1840250441226172,
                1.062369643016171,
                0.9268688790835589,
                0.7868916671475145,
                0.6513287822252402,
                0.5272578085723137,
                0.4191875508073415,
                0.3289394024688288,
                0.256057659849913,
                0.1985384043018843,
                0.153636071105494,
                0.1185467785457645,
                0.09085596356515172,
                0.06873457631307486,
                0.05093615437185506,
                0.03667344979856749
            ],
            "median": 0.5698594991365246
        },
        "true": {
            "density": [
                0.0366734497985671,
                0.050936154371854836,
                0.06873457631307517,
                0.0908559635651514,
                0.11854677854576472,
                0.15363607110549915,
                0.19853840430188924,
                0.25605765984991075,
                0.32893940246882764,
                0.41918755080734077,
                0.527257808572325,
                0.6513287822252356,
                0.786891667147527,
                0.9268688790835622,
                1.0623696430161635,
                1.1840250441225941,
                1.283641368393292,
                1.3557363735895873,
                1.3984875142533906,
                1.4138014401215826,
                1.406555985025712,
                1.3833765296982377,
                1.3513965906405971,
                1.317298728565082,
                1.2867065844521977,
                1.2638880118472642,
                1.2517519920130489,
                1.252139694061669,
                1.2663110875025045,
                1.2953726896308846,
                1.3403524656232462,
                1.4018026896083615,
                1.4791115245502995,
                1.5699229935004224,
                1.6700476076927058,
                1.7739981300561956,
                1.8759569377313368,
                1.970765137266569,
                2.0545412735643827,
                2.124773546943377,
                2.180034501563627,
                2.219644588722698,
                2.243549138640932,
                2.252430985082088,
                2.2478473363785016,
                2.232127904339079,
                2.207928482365113,
                2.177572916725104,
                2.1424674639766326,
                2.102848916362702,
                2.057968989985746,
                2.006627518301184,
                1.9478353212357373,
                1.8813474938975192,
                1.8078548857943983,
                1.7287467712712643,
                1.6455442181827502,
                1.55928926329349,
                1.470244648467459,
                1.378118818163553,
                1.2827201635019336,
                1.1846585148577529,
                1.0856683747169384,
                0.9883735862947295,
                0.895661739638254,
                0.8100264242791627,
                0.7331563000095996,
                0.6658225619487241,
                0.6079521329572072,
                0.5587721051582379,
                0.5169974555703268,
                0.48107829017631154,
                0.44948379152439677,
                0.4209466021280296,
                0.3946002511188367,
                0.3700066243855854,
                0.34711981916255147,
                0.32622375883644233,
                0.307844197032069,
                0.2926273508410617,
                0.28120433495044617,
                0.2740745721089193,
                0.27150726761916216,
                0.27341076972441547,
                0.27912633895254974,
                0.2871913367694177,
                0.29522549867948533,
                0.3001213148353387,
                0.29861372802643715,
                0.2881103174404583,
                0.2674930658999658,
                0.23756229513903102,
                0.2009171144302006,
                0.16129805584241702,
                0.12263892739747963,
                0.08817442813021786,
                0.05988671059124756,
                0.03839827241950809,
                0.023233217883765794,
                0.013261669019217794
            ],
            "median": 0.43014050086347544
        }
    }
}