{
    "absoluteImportance": {
        "loan": 0.17039828895558617,
        "education": 0.07026390611077739,
        "housing": 0.1374348090474604,
        "marital_status": 0.06514247538344663,
        "credit_default": 0.009309182378808149,
        "balance": 0.15256606549085827,
        "month": 0.16565896467265206,
        "contact": 0.46492448285250865,
        "campaign": 0.13107462165829725,
        "job": 0.061224654841906825,
        "day": 0.07256023995387331,
        "age": 0.05559436236164497
    }
}