{
    "predictedClassCount": {
        "false": 11425,
        "true": 2138
    },
    "probabilityDensities": {
        "false": {
            "density": [
                2.3656262843818106e-50,
                5.2751793169563e-47,
                8.842335231217367e-44,
                1.1142341176307183e-40,
                1.0556409334214208e-37,
                7.520532029223378e-35,
                4.0294911460376366e-32,
                1.624110822059219e-29,
                4.925624819967775e-27,
                1.1244249340308514e-24,
                1.9328545538188004e-22,
                2.5031307126025297e-20,
                2.4437003806692363e-18,
                1.7997610351132013e-16,
                1.0008644288230554e-14,
                4.207269677436672e-13,
                1.3386062213959305e-11,
                3.2284736180723046e-10,
                5.912992885741321e-09,
                8.24079088439655e-08,
                8.759419435152171e-07,
                7.1189495474210855e-06,
                4.435651808514569e-05,
                0.00021248369562254092,
                0.0007848733840573873,
                0.002242567563559143,
                0.0049744090438160575,
                0.008608700319099159,
                0.011726098567681684,
                0.012840321138673798,
                0.012012950547562054,
                0.011205368163278426,
                0.012694335143363567,
                0.017016552799489392,
                0.022391748172321237,
                0.026240109919653077,
                0.02742702833328408,
                0.02708211322216319,
                0.02738466004453857,
                0.02995923258274272,
                0.03568302206953702,
                0.045365277838687455,
                0.05930612741674434,
                0.07587535683314638,
                0.09186004763739863,
                0.10575590209254657,
                0.12051047866222035,
                0.1412225239956148,
                0.16951154174157693,
                0.20166424527789287,
                0.23295648826634804,
                0.26199598506326266,
                0.29030469286639404,
                0.32108292991910137,
                0.35992623806026536,
                0.41154270507937174,
                0.4719584372258105,
                0.5282138014401361,
                0.5695111391090255,
                0.5959442284209664,
                0.6148003407942613,
                0.6315576786384024,
                0.6452130496468174,
                0.6494349926350845,
                0.6384508893261323,
                0.6145820171255573,
                0.5895086256725459,
                0.5750145092905424,
                0.5717020246040607,
                0.5697326421215952,
                0.5618593207074575,
                0.552154743134309,
                0.5507019739438628,
                0.5631387594343219,
                0.5861765188584072,
                0.6116439772813849,
                0.6351964612885432,
                0.6604128766221375,
                0.6933811871122081,
                0.7368435409255913,
                0.7924547136345759,
                0.8648977586883447,
                0.9601637729888778,
                1.0829233350376337,
                1.239567583787368,
                1.441997337709373,
                1.7057273045202628,
                2.0497944239836046,
                2.5158590305280493,
                3.213661188469948,
                4.352716795346531,
                6.139854116924952,
                8.453369515453923,
                10.536083643130256,
                11.255618726476603,
                9.994468632768342,
                7.269864485943648,
                4.307305806480037,
                2.075193212486649,
                0.8121949324538275
            ],
            "median": 0.9388074609426013
        },
        "true": {
            "density": [
                0.8121949324538029,
                2.075193212486623,
                4.307305806480136,
                7.269864485943778,
                9.994468632768822,
                11.255618726476964,
                10.536083643129153,
                8.453369515453563,
                6.139854116926217,
                4.352716795346454,
                3.2136611884698567,
                2.5158590305280404,
                2.049794423983692,
                1.705727304520199,
                1.4419973377095396,
                1.23956758378741,
                1.0829233350375913,
                0.9601637729889375,
                0.8648977586883432,
                0.7924547136346096,
                0.736843540925573,
                0.6933811871122241,
                0.6604128766221434,
                0.6351964612885286,
                0.6116439772813815,
                0.5861765188583936,
                0.5631387594343108,
                0.5507019739438579,
                0.5521547431343159,
                0.5618593207074545,
                0.5697326421215992,
                0.5717020246040526,
                0.5750145092905413,
                0.5895086256725459,
                0.6145820171255616,
                0.6384508893261266,
                0.6494349926350869,
                0.6452130496468105,
                0.6315576786384013,
                0.6148003407942515,
                0.5959442284209653,
                0.5695111391090123,
                0.528213801440138,
                0.4719584372258113,
                0.4115427050793695,
                0.3599262380602513,
                0.3210829299191008,
                0.2903046928663884,
                0.26199598506326405,
                0.23295648826635013,
                0.2016642452778911,
                0.16951154174157904,
                0.14122252399561805,
                0.12051047866221863,
                0.10575590209254619,
                0.0918600476373988,
                0.07587535683314618,
                0.05930612741674434,
                0.04536527783868754,
                0.03568302206953683,
                0.02995923258274267,
                0.02738466004453852,
                0.02708211322216319,
                0.027427028333284177,
                0.026240109919653053,
                0.0223917481723212,
                0.017016552799489302,
                0.012694335143363522,
                0.011205368163278405,
                0.012012950547562054,
                0.012840321138673822,
                0.011726098567681684,
                0.008608700319099135,
                0.004974409043816035,
                0.0022425675635591447,
                0.0007848733840573852,
                0.00021248369562254168,
                4.435651808514648e-05,
                7.1189495474211736e-06,
                8.759419435152358e-07,
                8.240790884396725e-08,
                5.912992885741531e-09,
                3.2284736180723387e-10,
                1.3386062213959781e-11,
                4.2072696774369115e-13,
                1.000864428823084e-14,
                1.7997610351133164e-16,
                2.4437003806693407e-18,
                2.503130712602743e-20,
                1.9328545538188966e-22,
                1.1244249340309234e-24,
                4.9256248199681944e-27,
                1.6241108220593111e-29,
                4.0294911460379804e-32,
                7.520532029224019e-35,
                1.0556409334215408e-37,
                1.1142341176308451e-40,
                8.84233523121812e-44,
                5.27517931695705e-47,
                2.365626284382147e-50
            ],
            "median": 0.0611925390573989
        }
    }
}