{
    "predictedClassCount": {
        "false": 5211,
        "true": 1118
    },
    "probabilityDensities": {
        "false": {
            "density": [
                0.00043824671950546155,
                0.000855772527614533,
                0.0015928982230029472,
                0.0028305048469330556,
                0.004809715581351388,
                0.007830080557878349,
                0.012237529338398312,
                0.018402062354930134,
                0.026688235299322346,
                0.03742420157096396,
                0.05087609081976305,
                0.06723279026090495,
                0.08660163808176741,
                0.10900944520476757,
                0.13439849092582717,
                0.16260729257512593,
                0.1933334113160383,
                0.22608905500562265,
                0.2601737428818232,
                0.2946930261333314,
                0.32864177756666607,
                0.36104611248721474,
                0.3911298821911273,
                0.4184544851045864,
                0.4429847173544361,
                0.465057727071632,
                0.4852652176579731,
                0.5042856324627933,
                0.5227132692353755,
                0.5409249831729415,
                0.5590094435293637,
                0.5767668637898692,
                0.5937730140430605,
                0.6094904183077694,
                0.623401121970804,
                0.6351300430569284,
                0.6445282064536816,
                0.6516934026860165,
                0.6569218271462227,
                0.6606043738086743,
                0.6630991805790422,
                0.6646211693490487,
                0.6651856418893732,
                0.6646268953402611,
                0.6626892578516802,
                0.6591646564114508,
                0.6540356610725115,
                0.647581160616255,
                0.6404139993931349,
                0.6334412108316699,
                0.6277592562373816,
                0.6245105249257108,
                0.6247298441242718,
                0.6292042851814567,
                0.6383633468174612,
                0.6522145722518236,
                0.6703401534067488,
                0.6919662269137123,
                0.7161026557933104,
                0.7417288037437912,
                0.7679801184602224,
                0.7942838709568092,
                0.8204071349217014,
                0.8464121662205503,
                0.8725502542690521,
                0.8991483724365569,
                0.9265421745403454,
                0.9550833323512016,
                0.9852096315852464,
                1.0175308677647936,
                1.0528704283649986,
                1.0922204140430456,
                1.136610879807568,
                1.1869406116043548,
                1.243842424999411,
                1.3076443523262653,
                1.3784430729944108,
                1.4562501840039606,
                1.5411345681546218,
                1.633284667026806,
                1.7329524925957065,
                1.840297394440665,
                1.9551936151080682,
                2.077076856847592,
                2.20487098473757,
                2.3369667950847752,
                2.471152371632435,
                2.6043650707731225,
                2.7321902955231634,
                2.8481822831320027,
                2.9432836705174017,
                3.005776354157156,
                3.022189926420546,
                2.9793538964959336,
                2.8673405558680596,
                2.682566607884944,
                2.4300356325933703,
                2.1238000567887836,
                1.7852299008494223,
                1.4394184200316376
            ],
            "median": 0.820135899035008
        },
        "true": {
            "density": [
                1.4394184200316198,
                1.78522990084947,
                2.1238000567887005,
                2.4300356325934134,
                2.6825666078850396,
                2.8673405558681666,
                2.9793538964958275,
                3.022189926420621,
                3.0057763541571987,
                2.943283670517438,
                2.848182283131952,
                2.7321902955231634,
                2.604365070773169,
                2.4711523716324835,
                2.336966795084663,
                2.204870984737566,
                2.077076856847581,
                1.9551936151081029,
                1.8402973944406587,
                1.7329524925956878,
                1.6332846670269336,
                1.541134568154559,
                1.4562501840039141,
                1.3784430729944648,
                1.3076443523262746,
                1.2438424249994353,
                1.1869406116043908,
                1.1366108798075802,
                1.092220414043071,
                1.0528704283649912,
                1.0175308677647883,
                0.9852096315852324,
                0.9550833323511966,
                0.9265421745403585,
                0.8991483724365504,
                0.8725502542690552,
                0.8464121662205277,
                0.8204071349216985,
                0.7942838709568275,
                0.7679801184602143,
                0.7417288037437755,
                0.7161026557932876,
                0.6919662269137025,
                0.6703401534067654,
                0.6522145722518236,
                0.638363346817459,
                0.6292042851814723,
                0.6247298441242807,
                0.6245105249257097,
                0.6277592562373883,
                0.6334412108316744,
                0.640413999393144,
                0.64758116061624,
                0.6540356610725139,
                0.6591646564114426,
                0.6626892578516802,
                0.6646268953402586,
                0.6651856418893709,
                0.6646211693490676,
                0.6630991805790422,
                0.6606043738086732,
                0.656921827146225,
                0.6516934026860176,
                0.6445282064536805,
                0.6351300430569352,
                0.6234011219708095,
                0.6094904183077715,
                0.5937730140430741,
                0.5767668637898774,
                0.5590094435293647,
                0.540924983172951,
                0.5227132692353745,
                0.5042856324627826,
                0.48526521765796793,
                0.46505772707163573,
                0.44298471735444317,
                0.4184544851045886,
                0.39112988219113287,
                0.36104611248721985,
                0.3286417775666675,
                0.2946930261333296,
                0.2601737428818255,
                0.22608905500562346,
                0.19333341131603846,
                0.1626072925751245,
                0.1343984909258253,
                0.10900944520476767,
                0.08660163808176802,
                0.0672327902609046,
                0.05087609081976264,
                0.03742420157096396,
                0.026688235299322273,
                0.018402062354929905,
                0.012237529338398138,
                0.00783008055787828,
                0.004809715581351337,
                0.0028305048469330378,
                0.0015928982230029244,
                0.0008557725276145201,
                0.00043824671950545765
            ],
            "median": 0.17986410096499206
        }
    }
}