{
    "predictedClassCount": {
        "false": 5601,
        "true": 728
    },
    "probabilityDensities": {
        "false": {
            "density": [
                0.009239739173097563,
                0.015934198423252017,
                0.026561635775326758,
                0.04233613594379556,
                0.06409254080691355,
                0.09188162209434289,
                0.12467545886511766,
                0.16032372963073696,
                0.19583206291374503,
                0.2279306265302938,
                0.2538023009689443,
                0.2717731785044948,
                0.28175261572954763,
                0.2852606227176591,
                0.2849994080107135,
                0.28408528841022934,
                0.28519511297450906,
                0.28992726043752703,
                0.2985931725710529,
                0.3104690264650898,
                0.32434178641890565,
                0.33909010671069145,
                0.35409800785271756,
                0.36944876117600317,
                0.3859610729074998,
                0.40512612021969624,
                0.42892160447609795,
                0.45943960493073305,
                0.49834609584522305,
                0.5463401031984527,
                0.6028652631330695,
                0.6662559435287394,
                0.7343076727845678,
                0.8050670448550573,
                0.8775438938953559,
                0.9520835981867695,
                1.0302609222760328,
                1.1143160325842416,
                1.206305967237661,
                1.3072477659476058,
                1.4165339319121244,
                1.5317875245827708,
                1.6491467367068673,
                1.7638373364636069,
                1.8708796953506897,
                1.9658428518993798,
                2.0455801865923835,
                2.108798607808901,
                2.1562144879827914,
                2.1900983553825135,
                2.2132657813828445,
                2.2278944614517213,
                2.2346984255882023,
                2.232836924404935,
                2.220566034176883,
                2.1962861839762535,
                2.1594887292130127,
                2.1111960477158127,
                2.0537374746081967,
                1.989993308583774,
                1.9224696955907503,
                1.8526458254418485,
                1.780904014333254,
                1.7070551679682813,
                1.6311642121513499,
                1.5542434903103135,
                1.478490224566357,
                1.4070107514970418,
                1.3432242372362768,
                1.290234081478324,
                1.2503787274531764,
                1.2250176275696034,
                1.2144918578222992,
                1.2181786110141093,
                1.2345987609130675,
                1.2615580290401982,
                1.2962648083046315,
                1.335314632202765,
                1.3744582048265608,
                1.4082345499084044,
                1.4297874191547957,
                1.4313026985883412,
                1.40532196903428,
                1.3467060433801514,
                1.2545107362257486,
                1.1328749731657917,
                0.9903968725402525,
                0.8381928617521385,
                0.6874423410783073,
                0.5473459975181869,
                0.4240578147635683,
                0.3206013652337172,
                0.23740749438000983,
                0.1730582556354721,
                0.12498714673884558,
                0.09006978093232869,
                0.06511928235901902,
                0.04728389524168091,
                0.03430736826645287,
                0.02461564766336882
            ],
            "median": 0.5617534515179416
        },
        "true": {
            "density": [
                0.024615647663368843,
                0.03430736826645318,
                0.04728389524168125,
                0.06511928235901891,
                0.09006978093232909,
                0.12498714673884767,
                0.17305825563547442,
                0.23740749438001763,
                0.3206013652337112,
                0.4240578147635717,
                0.5473459975181888,
                0.687442341078306,
                0.8381928617521534,
                0.9903968725402438,
                1.1328749731657735,
                1.2545107362257397,
                1.3467060433801514,
                1.4053219690342926,
                1.4313026985882829,
                1.4297874191547626,
                1.4082345499083744,
                1.3744582048265657,
                1.335314632202753,
                1.2962648083046269,
                1.2615580290402184,
                1.234598760913026,
                1.2181786110141395,
                1.2144918578222947,
                1.2250176275696165,
                1.250378727453183,
                1.290234081478333,
                1.3432242372362697,
                1.407010751497082,
                1.4784902245663385,
                1.5542434903103577,
                1.6311642121514078,
                1.707055167968263,
                1.780904014333257,
                1.8526458254417695,
                1.9224696955907263,
                1.989993308583781,
                2.053737474608153,
                2.111196047715745,
                2.159488729212936,
                2.196286183976292,
                2.220566034176891,
                2.232836924404955,
                2.2346984255882503,
                2.2278944614516503,
                2.2132657813828325,
                2.19009835538244,
                2.156214487982818,
                2.1087986078089047,
                2.0455801865923835,
                1.9658428518993798,
                1.870879695350663,
                1.7638373364636444,
                1.6491467367068644,
                1.5317875245827708,
                1.4165339319121093,
                1.3072477659476083,
                1.206305967237644,
                1.1143160325842216,
                1.0302609222760402,
                0.9520835981867509,
                0.8775438938953825,
                0.805067044855066,
                0.7343076727845704,
                0.6662559435287465,
                0.602865263133075,
                0.546340103198444,
                0.4983460958452354,
                0.45943960493072694,
                0.42892160447610594,
                0.40512612021970057,
                0.38596107290750015,
                0.3694487611760088,
                0.354098007852715,
                0.33909010671069056,
                0.3243417864189016,
                0.31046902646508867,
                0.2985931725710524,
                0.2899272604375309,
                0.2851951129745058,
                0.28408528841022657,
                0.28499940801071044,
                0.2852606227176614,
                0.28175261572954635,
                0.27177317850449506,
                0.25380230096894474,
                0.2279306265302932,
                0.1958320629137438,
                0.16032372963073582,
                0.12467545886511777,
                0.09188162209434216,
                0.06409254080691355,
                0.042336135943795525,
                0.026561635775326803,
                0.01593419842325196,
                0.009239739173097554
            ],
            "median": 0.4382465484820583
        }
    }
}