{
    "predictedClassCount": {
        "false": 5197,
        "true": 1133
    },
    "probabilityDensities": {
        "false": {
            "density": [
                1.305692950535057e-26,
                1.2973282141687083e-24,
                1.0493670865936838e-22,
                6.909932230027503e-21,
                3.70415301175997e-19,
                1.6164893333931583e-17,
                5.742825143381084e-16,
                1.6609143388789902e-14,
                3.910550618168897e-13,
                7.495453962039326e-12,
                1.1695748248676002e-10,
                1.4856948833639472e-09,
                1.5364062770866813e-08,
                1.2934942802134557e-07,
                8.865854203413444e-07,
                4.947757617835031e-06,
                2.2485495324279618e-05,
                8.324632341306318e-05,
                0.0002512752713488252,
                0.000619475093469567,
                0.0012521034229502942,
                0.0020916916550874115,
                0.002935766502989923,
                0.0035700113211992236,
                0.003949630649386286,
                0.004209712614640792,
                0.00450142782205946,
                0.0048963244879040154,
                0.005467064021300381,
                0.006372540210069673,
                0.0077989579281598715,
                0.009833884327283694,
                0.012434907110422543,
                0.0155270332147897,
                0.0190633040148105,
                0.022910505293498803,
                0.026777070476783328,
                0.030528208426637768,
                0.03473182585122809,
                0.04078163656291749,
                0.05020601944899077,
                0.06359514738694483,
                0.08011131550538698,
                0.09808407413854882,
                0.11607033024888037,
                0.1333771078782592,
                0.14996954907787524,
                0.16648323245173147,
                0.18440245427390228,
                0.2055877912200815,
                0.231166234822971,
                0.26111793034784286,
                0.2950574408529198,
                0.3328344438020676,
                0.3739060979220135,
                0.4163992286323056,
                0.45725335240043424,
                0.4935284493869126,
                0.5239671743702297,
                0.5498285828296888,
                0.5740814059447883,
                0.5987135053714725,
                0.6219841666309736,
                0.6386772466003875,
                0.6439049737983763,
                0.6372178654331289,
                0.6235169307950054,
                0.6102771523322187,
                0.6034319108649187,
                0.6050199929443726,
                0.6136468048587437,
                0.6258958783114064,
                0.6371994022943976,
                0.6433637932861539,
                0.6434284468203779,
                0.641355469798552,
                0.6442478386512167,
                0.6585924363276434,
                0.6879128924709235,
                0.7335472651343788,
                0.7975651637338861,
                0.8847098827457665,
                1.0006698788786568,
                1.1485701164801287,
                1.3292804834966783,
                1.5473437508377916,
                1.8185913679415506,
                2.17866785710749,
                2.69677631467179,
                3.485701035237536,
                4.669890620763421,
                6.272000474917308,
                8.054498704002627,
                9.472377357438594,
                9.892270041083693,
                8.99920677746883,
                7.052313663401271,
                4.731088501006275,
                2.7075124444969556,
                1.3189181121313975
            ],
            "median": 0.9383167686008967
        },
        "true": {
            "density": [
                1.318918112131353,
                2.7075124444970275,
                4.731088501006426,
                7.052313663401221,
                8.999206777468606,
                9.892270041084132,
                9.472377357438711,
                8.054498704002913,
                6.272000474917331,
                4.669890620763355,
                3.4857010352376165,
                2.696776314671814,
                2.178667857107509,
                1.8185913679415378,
                1.5473437508377532,
                1.3292804834967185,
                1.1485701164801205,
                1.0006698788786907,
                0.8847098827457587,
                0.7975651637338974,
                0.7335472651343906,
                0.6879128924709283,
                0.658592436327661,
                0.644247838651211,
                0.6413554697985554,
                0.6434284468203837,
                0.6433637932861493,
                0.6371994022944079,
                0.6258958783114008,
                0.6136468048587416,
                0.6050199929443822,
                0.6034319108649208,
                0.610277152332223,
                0.6235169307949998,
                0.6372178654331289,
                0.6439049737983877,
                0.6386772466003751,
                0.6219841666309736,
                0.5987135053714693,
                0.5740814059447822,
                0.5498285828296781,
                0.5239671743702362,
                0.4935284493869082,
                0.4572533524004318,
                0.41639922863230194,
                0.3739060979220122,
                0.3328344438020676,
                0.2950574408529182,
                0.2611179303478424,
                0.23116623482296852,
                0.20558779122008258,
                0.1844024542739046,
                0.16648323245173147,
                0.14996954907787458,
                0.13337710787825874,
                0.11607033024888037,
                0.09808407413854829,
                0.08011131550538698,
                0.06359514738694459,
                0.05020601944899068,
                0.04078163656291742,
                0.03473182585122806,
                0.030528208426637848,
                0.02677707047678326,
                0.022910505293498803,
                0.019063304014810465,
                0.015527033214789675,
                0.012434907110422543,
                0.009833884327283675,
                0.0077989579281598715,
                0.006372540210069656,
                0.0054670640213003675,
                0.004896324487904002,
                0.004501427822059437,
                0.004209712614640765,
                0.003949630649386265,
                0.0035700113211992075,
                0.0029357665029899178,
                0.002091691655087404,
                0.0012521034229502918,
                0.0006194750934695631,
                0.0002512752713488248,
                8.324632341306215e-05,
                2.248549532427946e-05,
                4.947757617835031e-06,
                8.865854203413334e-07,
                1.2934942802134533e-07,
                1.5364062770866594e-08,
                1.4856948833639366e-09,
                1.1695748248675713e-10,
                7.495453962039219e-12,
                3.910550618168911e-13,
                1.660914338878955e-14,
                5.742825143381044e-16,
                1.616489333393101e-17,
                3.7041530117599175e-19,
                6.909932230027553e-21,
                1.0493670865936615e-22,
                1.2973282141687177e-24,
                1.3056929505350849e-26
            ],
            "median": 0.06168323139910318
        }
    }
}