{
    "predictedClassCount": {
        "false": 5256,
        "true": 1073
    },
    "probabilityDensities": {
        "false": {
            "density": [
                0.00034164695606567213,
                0.0006197752552732831,
                0.0010692868317009711,
                0.0017681901542425775,
                0.002824357809732181,
                0.004386167111815086,
                0.006648223743493285,
                0.009840873442131411,
                0.014193034618463008,
                0.019868256338188207,
                0.026892456818710542,
                0.03510908387282109,
                0.044199029252962305,
                0.05377856445701422,
                0.0635443007093078,
                0.0733937625094765,
                0.08344462291760314,
                0.09392022480365185,
                0.10494563022107052,
                0.11636107709097308,
                0.12766420666903788,
                0.13812979801307185,
                0.14706165985043396,
                0.15406228911610662,
                0.15920068690838446,
                0.16301452098553454,
                0.1663616918701106,
                0.1701934458125962,
                0.17533269916908403,
                0.18231434614357475,
                0.1913057849968706,
                0.2021005315253461,
                0.21417270409023867,
                0.22678477500374553,
                0.23913993633979552,
                0.2505574140494332,
                0.26063107470437596,
                0.2693228019775777,
                0.27695351749320246,
                0.2840871433858609,
                0.29134445902021283,
                0.29921427329732586,
                0.30792992184535845,
                0.31744595623620403,
                0.3275004316750634,
                0.3377123497241206,
                0.3476632638821485,
                0.35694319545816944,
                0.3651769770090836,
                0.37205922977444755,
                0.37740749536417606,
                0.3812137942421511,
                0.38366346697745773,
                0.38510634981118474,
                0.3859915127177398,
                0.3867872114257446,
                0.38789680080707034,
                0.38956977083024225,
                0.3918170080654945,
                0.3943660358080631,
                0.3967044244042077,
                0.39823240412166605,
                0.39848789741418933,
                0.3973574443010688,
                0.3951808946050386,
                0.3927016866447744,
                0.39088234010909356,
                0.39066079656571673,
                0.39274272837067586,
                0.3975021223696117,
                0.4050086335950202,
                0.41513921790044944,
                0.4276928572555081,
                0.4424337097750427,
                0.45904153675346887,
                0.477022685110722,
                0.4956861594743626,
                0.5142800365436883,
                0.5323087688758382,
                0.5499484109487736,
                0.5684052884672872,
                0.5900737455534062,
                0.6184484159206867,
                0.6578974921470956,
                0.713541010088226,
                0.7915378680376043,
                0.9000168514424374,
                1.0506521865320495,
                1.2604558165430237,
                1.5527507972727865,
                1.9556520572057785,
                2.496127721771073,
                3.188535246697323,
                4.019008400209227,
                4.930889578253212,
                5.819634080519181,
                6.545207039022582,
                6.963905173734528,
                6.971333492767127,
                6.539614944566284
            ],
            "median": 0.9785618053493248
        },
        "true": {
            "density": [
                6.539614944566504,
                6.9713334927669415,
                6.963905173733835,
                6.545207039022884,
                5.819634080519491,
                4.930889578252993,
                4.0190084002093265,
                3.188535246697357,
                2.496127721771033,
                1.9556520572057612,
                1.552750797272748,
                1.2604558165429924,
                1.0506521865320533,
                0.9000168514424598,
                0.7915378680376325,
                0.7135410100882082,
                0.6578974921470815,
                0.6184484159207075,
                0.5900737455534324,
                0.5684052884672802,
                0.5499484109487784,
                0.5323087688758127,
                0.5142800365437129,
                0.4956861594743644,
                0.4770226851107254,
                0.4590415367534713,
                0.4424337097750506,
                0.4276928572555142,
                0.4151392179004554,
                0.4050086335950245,
                0.39750212236960886,
                0.3927427283706752,
                0.3906607965657112,
                0.3908823401090977,
                0.3927016866447695,
                0.3951808946050386,
                0.3973574443010716,
                0.3984878974141929,
                0.39823240412166605,
                0.3967044244042028,
                0.39436603580806595,
                0.3918170080654966,
                0.3895697708302415,
                0.38789680080706623,
                0.38678721142574735,
                0.38599151271773774,
                0.385106349811182,
                0.3836634669774584,
                0.3812137942421484,
                0.3774074953641814,
                0.37205922977445216,
                0.36517697700908686,
                0.35694319545816944,
                0.34766326388215346,
                0.33771234972411823,
                0.32750043167506276,
                0.31744595623620286,
                0.30792992184535567,
                0.29921427329732375,
                0.2913444590202123,
                0.28408714338586244,
                0.27695351749320396,
                0.2693228019775815,
                0.26063107470437413,
                0.2505574140494319,
                0.2391399363397947,
                0.22678477500374877,
                0.2141727040902402,
                0.20210053152534682,
                0.19130578499687195,
                0.18231434614357445,
                0.1753326991690862,
                0.1701934458125959,
                0.1663616918701103,
                0.1630145209855357,
                0.15920068690838332,
                0.15406228911610745,
                0.14706165985043343,
                0.13812979801307185,
                0.12766420666903924,
                0.11636107709097225,
                0.10494563022107072,
                0.09392022480365177,
                0.08344462291760343,
                0.07339376250947631,
                0.06354430070930792,
                0.05377856445701431,
                0.044199029252962346,
                0.03510908387282078,
                0.0268924568187104,
                0.0198682563381881,
                0.014193034618463059,
                0.00984087344213136,
                0.006648223743493267,
                0.00438616711181502,
                0.002824357809732166,
                0.001768190154242576,
                0.0010692868317009683,
                0.0006197752552732865,
                0.0003416469560656739
            ],
            "median": 0.02143819465067526
        }
    }
}