{
    "absoluteImportance": {
        "loan": 0.17493859478800364,
        "education": 0.1286872546490207,
        "housing": 0.37193237753962255,
        "duration": 1.0693437565713808,
        "marital_status": 0.11746474025825226,
        "credit_default": 0.004020149213808533,
        "balance": 0.022657181418148136,
        "month": 0.4609564932660256,
        "contact": 0.8084248544463981,
        "campaign": 0.20740744860671861,
        "job": 0.14903453774340852,
        "day": 0.016841392534883644,
        "age": 0.033948192783434174
    }
}