{
    "predictedClassCount": {
        "false": 25979,
        "true": 5669
    },
    "probabilityDensities": {
        "false": {
            "density": [
                0.40934497712787915,
                0.46433532393575094,
                0.504654079865159,
                0.5285756010926899,
                0.5371464882305578,
                0.5335295273203279,
                0.5219135412078328,
                0.5064217822533842,
                0.49034931264781856,
                0.4758488342920163,
                0.4639904456709051,
                0.4550241699010631,
                0.44868195680813283,
                0.44442409093443797,
                0.4416086785457642,
                0.4396061919018801,
                0.43788598263911493,
                0.43608232012171577,
                0.4340271066173251,
                0.4317333007870577,
                0.4293303972975419,
                0.42697794317460064,
                0.4247954952817153,
                0.42283664089798934,
                0.4211071538707604,
                0.41960231775027085,
                0.4183331621890193,
                0.41732783771958376,
                0.4166183858755274,
                0.4162358788086745,
                0.41622912365370335,
                0.41670036281150163,
                0.41783203990932255,
                0.41987609520345365,
                0.4230946324543359,
                0.42766901935292084,
                0.433617652011681,
                0.4407665339251046,
                0.4487964999570805,
                0.4573543099676434,
                0.4661804438920711,
                0.4751941931929805,
                0.48449587581588416,
                0.4942879833115801,
                0.5047586829985108,
                0.515988552811997,
                0.5279251833173726,
                0.54043085604879,
                0.5533693840706368,
                0.5666811710984088,
                0.5804082146425984,
                0.5946634024874767,
                0.6095708581807623,
                0.6252178210537767,
                0.6416471606270395,
                0.6588916697897401,
                0.6770246328655543,
                0.6961922516905581,
                0.7166075876405432,
                0.7385135318996895,
                0.7621453491948075,
                0.787724657643051,
                0.8154925243892467,
                0.8457536995250466,
                0.8788821134434203,
                0.9152500335294759,
                0.9550892383227619,
                0.9983468094067438,
                1.0446239159766102,
                1.0932594626410357,
                1.1435492781136707,
                1.1950131314882828,
                1.2475818427826837,
                1.3016010955238726,
                1.3576284606989684,
                1.4160976761511714,
                1.4769929201866863,
                1.5396829079655496,
                1.6030047696346068,
                1.6655848152888904,
                1.726281745375589,
                1.7845843126225542,
                1.8408168230114201,
                1.8960926074331808,
                1.952061607287309,
                2.010562417310962,
                2.0732704252424403,
                2.141340666799614,
                2.2149402920979524,
                2.2925424454515957,
                2.3699777361042225,
                2.4394989849884863,
                2.489391808869265,
                2.504765688207925,
                2.4699177276409423,
                2.3720561350381777,
                2.2054171926902737,
                1.9743021908136655,
                1.6936661285583439,
                1.38669194860086
            ],
            "median": 0.7796257209829383
        },
        "true": {
            "density": [
                1.3866919486010176,
                1.6936661285582777,
                1.974302190813469,
                2.2054171926900543,
                2.3720561350380516,
                2.469917727640679,
                2.504765688208049,
                2.4893918088692115,
                2.4394989849886253,
                2.369977736104399,
                2.2925424454512777,
                2.214940292098031,
                2.141340666799348,
                2.0732704252422636,
                2.0105624173109407,
                1.9520616072872743,
                1.896092607433228,
                1.840816823011211,
                1.7845843126223448,
                1.7262817453754602,
                1.6655848152888253,
                1.6030047696345042,
                1.5396829079653582,
                1.47699292018666,
                1.4160976761513373,
                1.357628460698814,
                1.301601095523706,
                1.2475818427827503,
                1.1950131314881938,
                1.1435492781136951,
                1.093259462640857,
                1.0446239159766957,
                0.9983468094066693,
                0.9550892383227585,
                0.9152500335295994,
                0.878882113443439,
                0.8457536995249535,
                0.8154925243893046,
                0.7877246576430846,
                0.7621453491948128,
                0.7385135318997026,
                0.7166075876405662,
                0.6961922516905655,
                0.6770246328655699,
                0.6588916697897237,
                0.6416471606270315,
                0.6252178210538011,
                0.6095708581807427,
                0.5946634024874894,
                0.5804082146426046,
                0.5666811710984159,
                0.5533693840705994,
                0.5404308560487756,
                0.5279251833173473,
                0.5159885528119832,
                0.504758682998509,
                0.4942879833115757,
                0.4844958758158919,
                0.4751941931929822,
                0.4661804438920562,
                0.45735430996762066,
                0.44879649995705656,
                0.44076653392511406,
                0.43361765201167796,
                0.42766901935293145,
                0.4230946324543298,
                0.4198760952034686,
                0.4178320399093151,
                0.41670036281151646,
                0.41622912365370185,
                0.4162358788086723,
                0.4166183858755311,
                0.4173278377195852,
                0.41833316218900884,
                0.4196023177502753,
                0.4211071538707492,
                0.4228366408979803,
                0.4247954952817168,
                0.42697794317458015,
                0.42933039729751676,
                0.43173330078706845,
                0.43402710661731736,
                0.43608232012172116,
                0.43788598263911027,
                0.43960619190190586,
                0.4416086785457697,
                0.4444240909344443,
                0.44868195680814954,
                0.4550241699010744,
                0.4639904456709158,
                0.4758488342919994,
                0.49034931264779674,
                0.5064217822533842,
                0.5219135412078181,
                0.5335295273203298,
                0.5371464882305635,
                0.5285756010926759,
                0.5046540798651473,
                0.46433532393574517,
                0.4093449771278864
            ],
            "median": 0.2203742790170618
        }
    }
}