{
    "predictedClassCount": {
        "false": 5167,
        "true": 1163
    },
    "probabilityDensities": {
        "false": {
            "density": [
                0.0007326985944556894,
                0.001334901124060698,
                0.002294406907306924,
                0.003726130737857266,
                0.005726379805204524,
                0.008344168399718495,
                0.011562127944946989,
                0.015304179918259643,
                0.019478882526057777,
                0.02404610075211679,
                0.029070917949269418,
                0.034721915992944594,
                0.041194601810149625,
                0.04858661220316401,
                0.05678946579839744,
                0.0654616555990834,
                0.07410514330826873,
                0.08220963540945077,
                0.0893956619836992,
                0.0954983984271449,
                0.10057635669616169,
                0.10487007696111188,
                0.10875010042261381,
                0.11267815248300138,
                0.11717754398662222,
                0.12278972541137173,
                0.12999652168838913,
                0.1391112205382819,
                0.15017367224976916,
                0.16290483551439522,
                0.1767663359298215,
                0.1911263780560807,
                0.2054735180428266,
                0.2195802032185336,
                0.2335293894055573,
                0.24758144898331083,
                0.26194149968581015,
                0.27654116097573794,
                0.2909429416679371,
                0.304415677762345,
                0.3161505518476259,
                0.32552865800463904,
                0.33233486007995144,
                0.33683782260321626,
                0.3397071862817647,
                0.34179734684492213,
                0.3438763137058998,
                0.34640229053726485,
                0.34943789845372536,
                0.35274074813330925,
                0.35599487362221693,
                0.3590809045985995,
                0.36225649628845163,
                0.36615036639372456,
                0.3715546898757752,
                0.3790965375599852,
                0.3889319518475736,
                0.4006002882259447,
                0.41310105432859373,
                0.4251515521993426,
                0.43551138561690556,
                0.44325783525103957,
                0.4479515798866473,
                0.44969216652996435,
                0.44908098335005997,
                0.4470907245644442,
                0.4448341236483805,
                0.4432706001048723,
                0.4429639692746302,
                0.44403025859728135,
                0.4463339819134092,
                0.44983477468619293,
                0.4548659313920707,
                0.46214645465781373,
                0.4724924299586053,
                0.48639260166374776,
                0.5037077290222631,
                0.5236828022611686,
                0.5452848702525,
                0.567720592747429,
                0.5909357967624518,
                0.6159556521263354,
                0.6450300762582934,
                0.6816512235796872,
                0.7305927673227766,
                0.7981845422285978,
                0.8930553659692311,
                1.0274771259958397,
                1.2191126838326272,
                1.4923219432070667,
                1.8773031187802118,
                2.404717804679968,
                3.0939958972129586,
                3.9361576000282623,
                4.8765622521706,
                5.807271251819932,
                6.578870093055891,
                7.034850461702483,
                7.059630495288251,
                6.620783500905414
            ],
            "median": 0.9790314909613076
        },
        "true": {
            "density": [
                6.620783500905202,
                7.059630495288251,
                7.034850461702258,
                6.57887009305616,
                5.807271251819612,
                4.876562252170618,
                3.9361576000283045,
                3.0939958972129147,
                2.404717804679874,
                1.8773031187801952,
                1.49232194320704,
                1.2191126838326118,
                1.0274771259957995,
                0.8930553659692517,
                0.7981845422285653,
                0.7305927673227818,
                0.6816512235797126,
                0.6450300762583083,
                0.615955652126341,
                0.5909357967624654,
                0.5677205927474361,
                0.5452848702524825,
                0.5236828022611556,
                0.5037077290222569,
                0.4863926016637521,
                0.4724924299586053,
                0.4621464546578187,
                0.45486593139206505,
                0.4498347746861977,
                0.4463339819134108,
                0.44403025859728845,
                0.442963969274635,
                0.4432706001048644,
                0.44483412364838365,
                0.44709072456444027,
                0.4490809833500632,
                0.4496921665299635,
                0.4479515798866457,
                0.44325783525103246,
                0.4355113856169009,
                0.4251515521993396,
                0.41310105432859595,
                0.4006002882259461,
                0.3889319518475771,
                0.3790965375599926,
                0.37155468987578844,
                0.3661503663937297,
                0.362256496288451,
                0.3590809045985912,
                0.3559948736222201,
                0.35274074813330925,
                0.34943789845372414,
                0.34640229053726423,
                0.343876313705898,
                0.34179734684491725,
                0.3397071862817659,
                0.33683782260321926,
                0.3323348600799615,
                0.3255286580046373,
                0.31615055184762986,
                0.30441567776234557,
                0.29094294166793505,
                0.2765411609757409,
                0.2619414996858097,
                0.24758144898331083,
                0.23352938940555443,
                0.21958020321853244,
                0.20547351804282807,
                0.19112637805608207,
                0.17676633592982527,
                0.1629048355143967,
                0.15017367224976944,
                0.1391112205382829,
                0.12999652168838982,
                0.12278972541137063,
                0.11717754398662181,
                0.11267815248300118,
                0.10875010042261438,
                0.10487007696111281,
                0.10057635669616062,
                0.09549839842714482,
                0.08939566198369953,
                0.08220963540945092,
                0.07410514330826885,
                0.06546165559908317,
                0.056789465798397394,
                0.04858661220316375,
                0.0411946018101497,
                0.03472191599294469,
                0.029070917949269342,
                0.024046100752116745,
                0.01947888252605776,
                0.015304179918259588,
                0.01156212794494698,
                0.008344168399718459,
                0.005726379805204519,
                0.003726130737857266,
                0.002294406907306916,
                0.001334901124060697,
                0.0007326985944556913
            ],
            "median": 0.020968509038692473
        }
    }
}