{
    "columns": [
        "duration",
        "balance",
        "campaign",
        "day",
        "age"
    ],
    "shifts": [
        258.4377576713428,
        1367.3403890318475,
        2.761683406657259,
        15.819678481503002,
        40.92482222406685
    ],
    "inv_scales": [
        0.0038849501561649975,
        0.0003275440361656583,
        0.3246876919724767,
        0.12023065797625551,
        0.09428363198224378
    ]
}