{
    "absoluteImportance": {
        "loan": 0.17094024348109535,
        "education": 0.13186313910751732,
        "housing": 0.36769856378580024,
        "duration": 0.890534531136736,
        "marital_status": 0.12290409778434015,
        "credit_default": 0.0017151727568430657,
        "balance": 0.026445785262103404,
        "month": 0.4450053589704143,
        "contact": 0.827683300734661,
        "campaign": 0.20815070057929588,
        "job": 0.16656797684310934,
        "day": 0.01782141408438435,
        "age": 0.03174299033948244
    }
}