{
    "predictedClassCount": {
        "false": 11308,
        "true": 2255
    },
    "probabilityDensities": {
        "false": {
            "density": [
                0.34322679580550086,
                0.39019489284682113,
                0.43076175748311774,
                0.4632996310923261,
                0.4871429093230805,
                0.5025182083605382,
                0.5103205006369721,
                0.5118235012485894,
                0.5084123618570623,
                0.5013970327049928,
                0.49192248552887374,
                0.4809556391933846,
                0.4693101405937389,
                0.45767158576099864,
                0.44660186020380893,
                0.4365224206186575,
                0.4276928296702124,
                0.42020618994798986,
                0.41401602881365085,
                0.4089938908620525,
                0.40500126005238557,
                0.4019513246857365,
                0.3998395293677066,
                0.3987349746221365,
                0.3987408913961638,
                0.3999438600049458,
                0.4023733103020806,
                0.4059853587187693,
                0.410672756843036,
                0.4162916842750616,
                0.4226908146963694,
                0.4297298193217583,
                0.43728147393797445,
                0.4452202558287854,
                0.45340700600572703,
                0.4616812315792677,
                0.46986919048451997,
                0.4778084869854399,
                0.485381717661638,
                0.49254647988127326,
                0.4993493706157661,
                0.5059175337209578,
                0.5124302212640943,
                0.5190806232501576,
                0.526041430627299,
                0.5334451437319225,
                0.5413836657194596,
                0.5499244371960217,
                0.5591352266831664,
                0.5691080978026029,
                0.5799747660672602,
                0.5919093348267584,
                0.6051188667725944,
                0.6198260672555397,
                0.6362502435072699,
                0.6545917471296029,
                0.6750215199171131,
                0.6976729901170267,
                0.7226312758812132,
                0.749916580020418,
                0.7794644311629056,
                0.8111118526756476,
                0.8446013253830977,
                0.8796108527887339,
                0.9158092889517131,
                0.9529252988398026,
                0.9908109195052568,
                1.029480223524971,
                1.0691105480546332,
                1.1100055816385248,
                1.15253187068223,
                1.1970484175621865,
                1.2438498704045076,
                1.2931369624409614,
                1.345016122516739,
                1.3995186378278848,
                1.4566236536945227,
                1.5162714113031568,
                1.5783620771278772,
                1.6427462745386592,
                1.7092198618171925,
                1.7775335573191886,
                1.8474175865743725,
                1.9186061309082199,
                1.9908313325003326,
                2.0637475501905094,
                2.136748957931688,
                2.2086628954134113,
                2.277341483985546,
                2.33923277005838,
                2.3890763602444745,
                2.4199100055932865,
                2.4235590289940707,
                2.3916857838700873,
                2.3173070066265087,
                2.1964892261104394,
                2.0297842544003104,
                1.8229466800407708,
                1.5866212645237086,
                1.3349693438824792
            ],
            "median": 0.7781167642521385
        },
        "true": {
            "density": [
                1.3349693438824863,
                1.5866212645237507,
                1.8229466800407708,
                2.02978425440044,
                2.1964892261103577,
                2.317307006626418,
                2.3916857838701637,
                2.423559028993937,
                2.4199100055932394,
                2.3890763602444958,
                2.3392327700583846,
                2.2773414839856514,
                2.2086628954134313,
                2.136748957931631,
                2.063747550190531,
                1.9908313325003326,
                1.9186061309082845,
                1.8474175865743068,
                1.7775335573192232,
                1.7092198618171166,
                1.642746274538709,
                1.578362077127866,
                1.5162714113030922,
                1.4566236536944788,
                1.3995186378278799,
                1.345016122516813,
                1.2931369624408902,
                1.243849870404501,
                1.197048417562163,
                1.1525318706822465,
                1.1100055816385188,
                1.0691105480546144,
                1.029480223524949,
                0.990810919505285,
                0.9529252988397755,
                0.9158092889517229,
                0.8796108527886995,
                0.8446013253831127,
                0.8111118526756304,
                0.7794644311628945,
                0.7499165800204021,
                0.7226312758811876,
                0.6976729901170365,
                0.6750215199170987,
                0.6545917471295993,
                0.6362502435072722,
                0.6198260672555364,
                0.6051188667726105,
                0.5919093348267395,
                0.5799747660672612,
                0.5691080978026009,
                0.5591352266831564,
                0.5499244371959964,
                0.541383665719473,
                0.5334451437319291,
                0.5260414306272906,
                0.5190806232501354,
                0.5124302212640952,
                0.505917533720956,
                0.4993493706157502,
                0.4925464798812645,
                0.48538171766162336,
                0.4778084869854467,
                0.46986919048451664,
                0.46168123157928,
                0.4534070060057134,
                0.4452202558288036,
                0.4372814739379768,
                0.4297298193217591,
                0.4226908146963716,
                0.41629168427506824,
                0.4106727568430331,
                0.4059853587187758,
                0.40237331030208634,
                0.3999438600049458,
                0.3987408913961574,
                0.3987349746221322,
                0.3998395293677109,
                0.40195132468573797,
                0.40500126005237264,
                0.4089938908620481,
                0.4140160288136376,
                0.42020618994799286,
                0.4276928296702116,
                0.43652242061866914,
                0.44660186020383036,
                0.45767158576098077,
                0.4693101405937305,
                0.4809556391933812,
                0.49192248552887113,
                0.5013970327050115,
                0.508412361857056,
                0.5118235012485822,
                0.5103205006369657,
                0.5025182083605472,
                0.4871429093230719,
                0.4632996310923055,
                0.4307617574831254,
                0.3901948928468301,
                0.34322679580550697
            ],
            "median": 0.22188323574786145
        }
    }
}