{
    "predictedClassCount": {
        "false": 5401,
        "true": 929
    },
    "probabilityDensities": {
        "false": {
            "density": [
                0.010056864699399756,
                0.017992931112074038,
                0.030460893745180406,
                0.048728708058720385,
                0.07360607370525786,
                0.10499314533731113,
                0.14155758703225904,
                0.18072427891162768,
                0.2190638416696264,
                0.252998933313916,
                0.2796039217473232,
                0.2972398324201751,
                0.3058537319810882,
                0.30691004118017556,
                0.3030234500200152,
                0.29739832459568033,
                0.2931844283898361,
                0.29287849361589363,
                0.29792690342968337,
                0.30865896671272014,
                0.32456630984269114,
                0.34478532347248775,
                0.3685412006086105,
                0.3953536912259316,
                0.4249676365132483,
                0.45714668781706513,
                0.4915389731996628,
                0.5277481075189568,
                0.5655817246280006,
                0.605316563538646,
                0.6478033090645603,
                0.6943407217459696,
                0.7463941578490509,
                0.8053075477133768,
                0.8721087326336557,
                0.9473902271374425,
                1.0311787577670946,
                1.122761106422814,
                1.2205621966516156,
                1.3222359486650546,
                1.4250322229160561,
                1.5262966283389166,
                1.6238224095394798,
                1.7158526598032329,
                1.800792962876745,
                1.8769309435444108,
                1.9424637463735013,
                1.995892627323745,
                2.036552949518285,
                2.064940277018954,
                2.0826305089841664,
                2.091830470764937,
                2.094747511567639,
                2.0929768455818567,
                2.0870560715714888,
                2.0763063139749933,
                2.059045751693002,
                2.033160554360346,
                1.9968672788431243,
                1.9494047299009714,
                1.8914290755659822,
                1.825016459767776,
                1.7533040624898055,
                1.6798774895954343,
                1.6080702486453218,
                1.5404008172909813,
                1.4783773381480274,
                1.4227705341625267,
                1.3742140330487769,
                1.3337914392186168,
                1.3032717926387833,
                1.2848666788516017,
                1.2806370531272908,
                1.2917902553116334,
                1.318044547006791,
                1.357131041239127,
                1.4044928950628413,
                1.4533284998924911,
                1.4951699361151483,
                1.521060422028543,
                1.5231165762402668,
                1.49600982816632,
                1.4378713551690887,
                1.3503671758422877,
                1.2380573343111614,
                1.107407657525506,
                0.9658216876208929,
                0.8208625681868099,
                0.6796318219297002,
                0.548215287958367,
                0.43119098586111454,
                0.33129705907208873,
                0.24937205320040046,
                0.1845977548287884,
                0.13496862126285208,
                0.09785156757458247,
                0.07050308895721014,
                0.050452985943022804,
                0.035715853224086214,
                0.0248380213140831
            ],
            "median": 0.565680549306364
        },
        "true": {
            "density": [
                0.024838021314083303,
                0.03571585322408637,
                0.050452985943023075,
                0.07050308895721095,
                0.09785156757458247,
                0.13496862126285422,
                0.18459775482879154,
                0.24937205320040512,
                0.3312970590720931,
                0.4311909858611214,
                0.548215287958366,
                0.6796318219296978,
                0.8208625681868201,
                0.9658216876208998,
                1.107407657525512,
                1.2380573343111527,
                1.3503671758422708,
                1.4378713551691065,
                1.49600982816632,
                1.523116576240272,
                1.521060422028516,
                1.4951699361152067,
                1.4533284998924938,
                1.4044928950628037,
                1.3571310412391464,
                1.3180445470068003,
                1.2917902553116287,
                1.2806370531272657,
                1.2848666788516085,
                1.3032717926387603,
                1.3337914392186285,
                1.3742140330487624,
                1.4227705341625696,
                1.4783773381479905,
                1.540400817291003,
                1.608070248645216,
                1.6798774895954134,
                1.7533040624898304,
                1.8250164597678182,
                1.8914290755660157,
                1.949404729900968,
                1.996867278843135,
                2.0331605543603244,
                2.059045751693002,
                2.0763063139749747,
                2.087056071571548,
                2.0929768455818714,
                2.0947475115676464,
                2.0918304707649296,
                2.0826305089840997,
                2.0649402770188736,
                2.036552949518372,
                1.9958926273237556,
                1.9424637463734908,
                1.8769309435443908,
                1.800792962876745,
                1.715852659803251,
                1.6238224095394826,
                1.5262966283388597,
                1.4250322229160282,
                1.3222359486650734,
                1.220562196651596,
                1.122761106422816,
                1.0311787577671128,
                0.9473902271374559,
                0.8721087326336682,
                0.8053075477133768,
                0.7463941578490509,
                0.6943407217459597,
                0.6478033090645431,
                0.6053165635386504,
                0.5655817246280156,
                0.5277481075189634,
                0.4915389731996785,
                0.45714668781706636,
                0.42496763651325437,
                0.395353691225926,
                0.3685412006086079,
                0.34478532347249113,
                0.32456630984268653,
                0.30865896671271575,
                0.29792690342968786,
                0.2928784936158926,
                0.29318442838983116,
                0.2973983245956819,
                0.30302345002001385,
                0.30691004118017856,
                0.30585373198108845,
                0.2972398324201751,
                0.2796039217473227,
                0.25299893331392026,
                0.21906384166962697,
                0.18072427891162704,
                0.14155758703225904,
                0.10499314533730954,
                0.07360607370525767,
                0.048728708058720344,
                0.03046089374518008,
                0.017992931112074007,
                0.010056864699399799
            ],
            "median": 0.434319450693636
        }
    }
}