{
    "predictedClassCount": {
        "false": 5414,
        "true": 915
    },
    "probabilityDensities": {
        "false": {
            "density": [
                3.5333001628280755e-38,
                1.0593625559955286e-35,
                2.5790655271099947e-33,
                5.0986357265817856e-31,
                8.18543207861128e-29,
                1.0672096947145491e-26,
                1.1300710444066792e-24,
                9.719417078049237e-23,
                6.790282961117516e-21,
                3.8537923033094115e-19,
                1.7769985697489273e-17,
                6.657896207537302e-16,
                2.0272150185022396e-14,
                5.017044060041689e-13,
                1.0094081966039586e-11,
                1.6514209518449849e-10,
                2.197560614062629e-09,
                2.3793502809030633e-08,
                2.0969048190217955e-07,
                1.5048740315649122e-06,
                8.799431544456663e-06,
                4.194798297109203e-05,
                0.00016314673386939256,
                0.0005180940585827011,
                0.0013446394529465,
                0.002855340794955577,
                0.004968795657577043,
                0.007106673006852239,
                0.008416193852972684,
                0.008435018730955797,
                0.0076299991273659565,
                0.007226941612948943,
                0.00844908184302129,
                0.01181144231613656,
                0.016913551209900388,
                0.022719869712662294,
                0.02815250121113355,
                0.03279175505371241,
                0.03730495986347197,
                0.043097297220119006,
                0.051111061586876894,
                0.060749262695514124,
                0.07037653000914072,
                0.07938695156649579,
                0.08963713229821489,
                0.10431238775279555,
                0.12525076720949996,
                0.1515281984221963,
                0.18047929182346603,
                0.2098301525521068,
                0.2390543707018817,
                0.2689998676116229,
                0.30021640460849114,
                0.3318887720104401,
                0.36306918119173526,
                0.394981763016633,
                0.4311553047161112,
                0.47457857851037794,
                0.5247292901889292,
                0.5770600533678886,
                0.6246758376969883,
                0.6606617282447746,
                0.6798145978452143,
                0.6793195466152633,
                0.6594880194315131,
                0.625700934803321,
                0.5893981491066805,
                0.5642703687236348,
                0.5583991473447184,
                0.5690137211925486,
                0.5853763340781214,
                0.5974466778650716,
                0.6025952844548851,
                0.6056985202905867,
                0.6146438127184388,
                0.6356049108583972,
                0.6702588374527032,
                0.7154844831629377,
                0.765811543784045,
                0.8173876031532363,
                0.8705675822492441,
                0.9296987271805436,
                1.0019102852898265,
                1.096926402573193,
                1.2272741896377153,
                1.4083568638976411,
                1.66175682432464,
                2.0262813930366423,
                2.5748473811701587,
                3.421532208387769,
                4.684820738597678,
                6.373355026193124,
                8.228586026619286,
                9.680352843419904,
                10.078160177698994,
                9.115419206812705,
                7.086207218546443,
                4.707332760631257,
                2.6644821301344663,
                1.2833618075915103
            ],
            "median": 0.9385641184758994
        },
        "true": {
            "density": [
                1.2833618075914965,
                2.6644821301344335,
                4.707332760631357,
                7.086207218546443,
                9.11541920681316,
                10.078160177698475,
                9.68035284341975,
                8.2285860266193,
                6.3733550261930905,
                4.684820738597562,
                3.421532208387757,
                2.574847381170209,
                2.026281393036585,
                1.6617568243246192,
                1.408356863897656,
                1.2272741896376849,
                1.0969264025731833,
                1.0019102852898372,
                0.9296987271805617,
                0.8705675822492348,
                0.8173876031532408,
                0.7658115437840355,
                0.7154844831629364,
                0.6702588374526925,
                0.6356049108583927,
                0.6146438127184465,
                0.6056985202905867,
                0.6025952844548915,
                0.5974466778650588,
                0.5853763340781204,
                0.5690137211925516,
                0.5583991473447304,
                0.5642703687236448,
                0.5893981491066848,
                0.6257009348033332,
                0.6594880194315119,
                0.6793195466152488,
                0.6798145978452239,
                0.6606617282447677,
                0.6246758376969839,
                0.5770600533678886,
                0.5247292901889199,
                0.47457857851037377,
                0.43115530471610203,
                0.39498176301663507,
                0.36306918119173653,
                0.33188877201044126,
                0.30021640460849275,
                0.2689998676116234,
                0.23905437070188215,
                0.20983015255210902,
                0.18047929182346506,
                0.15152819842219656,
                0.1252507672094993,
                0.10431238775279482,
                0.08963713229821489,
                0.07938695156649564,
                0.07037653000914072,
                0.06074926269551407,
                0.0511110615868768,
                0.04309729722011908,
                0.03730495986347194,
                0.032791755053712436,
                0.0281525012111336,
                0.02271986971266221,
                0.016913551209900374,
                0.011811442316136529,
                0.008449081843021277,
                0.007226941612948911,
                0.007629999127365923,
                0.008435018730955774,
                0.00841619385297267,
                0.007106673006852245,
                0.004968795657577047,
                0.002855340794955595,
                0.001344639452946506,
                0.000518094058582707,
                0.00016314673386939632,
                4.194798297109285e-05,
                8.799431544456912e-06,
                1.5048740315649442e-06,
                2.0969048190218736e-07,
                2.3793502809031226e-08,
                2.197560614062723e-09,
                1.6514209518450906e-10,
                1.0094081966040089e-11,
                5.017044060042046e-13,
                2.0272150185023406e-14,
                6.657896207537774e-16,
                1.7769985697490157e-17,
                3.8537923033097404e-19,
                6.790282961118192e-21,
                9.719417078049996e-23,
                1.1300710444067997e-24,
                1.0672096947146477e-26,
                8.185432078612094e-29,
                5.098635726582654e-31,
                2.579065527110288e-33,
                1.0593625559956942e-35,
                3.533300162828728e-38
            ],
            "median": 0.06143588152410066
        }
    }
}