{
    "predictedClassCount": {
        "false": 5389,
        "true": 941
    },
    "probabilityDensities": {
        "false": {
            "density": [
                2.2413230580995137e-06,
                8.28695767196541e-06,
                2.8007711355265923e-05,
                8.658915107404216e-05,
                0.0002450872049369189,
                0.0006357555614905036,
                0.0015132402695691557,
                0.003310031727125492,
                0.006666214801565268,
                0.012389915693238438,
                0.021314550313340598,
                0.03406457533706453,
                0.05080943901453426,
                0.07113105714543962,
                0.09410434037550457,
                0.11858612286808269,
                0.1435828620745598,
                0.1685098907025545,
                0.1932143419416779,
                0.21777710505572492,
                0.24224212975415205,
                0.26645653412239023,
                0.2901210095361904,
                0.3130031370998772,
                0.33515111950282367,
                0.3569356124202561,
                0.378852175918376,
                0.40117660353045126,
                0.4236816430605603,
                0.44561232089577274,
                0.46596711822501236,
                0.4839341796792539,
                0.4992302496860983,
                0.5121678271944623,
                0.5234690080979421,
                0.5339920001545504,
                0.5445332482449218,
                0.5557575711777933,
                0.5682145586561348,
                0.5823888367304216,
                0.5987696171270225,
                0.617946804506005,
                0.6407253620957744,
                0.6682108321836085,
                0.7017755122373612,
                0.7428022158858826,
                0.7921838455291237,
                0.8497540628605378,
                0.9140214012733332,
                0.9825576067294863,
                1.0530393568833485,
                1.1244447286399575,
                1.1976583744423377,
                1.2750105899607838,
                1.3589256973116681,
                1.450418453811845,
                1.5482485628221578,
                1.6491064824093913,
                1.7486039284340786,
                1.8424734804362388,
                1.9274066899115332,
                2.001278767783415,
                2.0628958203248304,
                2.1116418660845406,
                2.1473688785970366,
                2.170592649738746,
                2.182738552902241,
                2.1860869103225475,
                2.1832904484517943,
                2.1766942806169873,
                2.1678764654473994,
                2.1576891619385505,
                2.1467403252145325,
                2.1359869860540384,
                2.127091001944722,
                2.1223678474587784,
                2.1243474296925804,
                2.1350326699269715,
                2.1549414671142366,
                2.1821058110807248,
                2.211409951047593,
                2.2347712779520625,
                2.242435512394263,
                2.2250745719359664,
                2.175828034017474,
                2.091394425118126,
                1.9718694626708182,
                1.8198309210595467,
                1.6395600193110422,
                1.436961936998932,
                1.2199863799326132,
                0.9987875194602222,
                0.7849491935852954,
                0.5897391736930648,
                0.42203022751589864,
                0.2867576779332464,
                0.18448409349625497,
                0.11208977932758567,
                0.06416362992238019,
                0.034523683753272014
            ],
            "median": 0.6862448658416895
        },
        "true": {
            "density": [
                0.03452368375327171,
                0.06416362992238064,
                0.11208977932758626,
                0.18448409349625758,
                0.2867576779332484,
                0.4220302275159054,
                0.5897391736930627,
                0.784949193585312,
                0.9987875194602293,
                1.2199863799326436,
                1.4369619369989524,
                1.6395600193110713,
                1.8198309210595822,
                1.9718694626707938,
                2.091394425118096,
                2.1758280340174814,
                2.225074571935947,
                2.242435512394279,
                2.234771277952055,
                2.211409951047636,
                2.1821058110807168,
                2.1549414671142095,
                2.135032669926983,
                2.1243474296925124,
                2.1223678474587557,
                2.127091001944718,
                2.1359869860540233,
                2.146740325214502,
                2.157689161938455,
                2.1678764654473337,
                2.176694280616964,
                2.1832904484517943,
                2.186086910322563,
                2.182738552902291,
                2.1705926497387495,
                2.147368878597033,
                2.111641866084597,
                2.0628958203248704,
                2.001278767783351,
                1.9274066899116324,
                1.8424734804362028,
                1.748603928434032,
                1.6491064824094295,
                1.5482485628221936,
                1.4504184538118114,
                1.3589256973117187,
                1.275010589960779,
                1.1976583744423652,
                1.1244447286399435,
                1.0530393568833074,
                0.9825576067294707,
                0.9140214012733462,
                0.8497540628605151,
                0.7921838455291293,
                0.7428022158858747,
                0.7017755122373676,
                0.6682108321836074,
                0.6407253620957744,
                0.6179468045060149,
                0.5987696171270119,
                0.5823888367304216,
                0.5682145586561499,
                0.5557575711777825,
                0.5445332482449218,
                0.5339920001545438,
                0.5234690080979495,
                0.5121678271944577,
                0.4992302496861054,
                0.4839341796792548,
                0.4659671182250132,
                0.4456123208957735,
                0.42368164306055955,
                0.40117660353045415,
                0.378852175918374,
                0.35693561242025545,
                0.3351511195028219,
                0.3130031370998772,
                0.2901210095361899,
                0.2664565341223893,
                0.2422421297541525,
                0.2177771050557257,
                0.1932143419416741,
                0.1685098907025545,
                0.14358286207455853,
                0.11858612286808226,
                0.09410434037550473,
                0.07113105714543931,
                0.0508094390145339,
                0.03406457533706441,
                0.021314550313340466,
                0.012389915693238362,
                0.006666214801565274,
                0.003310031727125468,
                0.001513240269569141,
                0.0006357555614904946,
                0.00024508720493691364,
                8.658915107404076e-05,
                2.8007711355265127e-05,
                8.286957671965235e-06,
                2.241323058099462e-06
            ],
            "median": 0.31375513415831036
        }
    }
}