{
    "absoluteImportance": {
        "loan": 0.14698004850313295,
        "education": 0.1374338023985051,
        "housing": 0.38557841495799294,
        "duration": 0.9895329874320564,
        "marital_status": 0.11755964601438246,
        "credit_default": 0.004827407824555899,
        "balance": 0.02685358801278299,
        "month": 0.49646308769916375,
        "contact": 0.7410236747449996,
        "campaign": 0.20379534721553552,
        "job": 0.18549037468817958,
        "day": 0.021096878989305855,
        "age": 0.038125783474032664
    }
}