{
    "predictedClassCount": {
        "false": 5264,
        "true": 1067
    },
    "probabilityDensities": {
        "false": {
            "density": [
                0.34494129896093106,
                0.38241389984869145,
                0.41438191556834286,
                0.4398735807151783,
                0.4585938423286031,
                0.4709035816664811,
                0.4776941800411979,
                0.4801890103902106,
                0.4797163573264232,
                0.4774996813985761,
                0.4745020024957162,
                0.4713450981753328,
                0.46830601796569404,
                0.46537760673765993,
                0.4623693875470187,
                0.4590214821275856,
                0.45510673525610035,
                0.4505031710701387,
                0.4452281312885126,
                0.4394347377440073,
                0.4333788858819179,
                0.42736960256682677,
                0.42171676733114816,
                0.4166880996502264,
                0.4124828334241666,
                0.40922401183586293,
                0.4069663789427437,
                0.4057136740976864,
                0.40543833744212987,
                0.4060979713170729,
                0.407645481433404,
                0.41003252313684707,
                0.4132078309713757,
                0.41711288418992637,
                0.4216773499860961,
                0.42681629067204624,
                0.4324305734627228,
                0.4384113629731608,
                0.44464887869578906,
                0.4510446558631237,
                0.45752548445978714,
                0.464056401351865,
                0.4706500197303566,
                0.4773703113169724,
                0.4843304948275133,
                0.4916863273587839,
                0.4996271298510418,
                0.5083668378140926,
                0.5181362850047871,
                0.5291763324540475,
                0.5417301412928529,
                0.5560325495758478,
                0.5722954353090166,
                0.5906898731136921,
                0.61132810903663,
                0.634249979293435,
                0.6594186098307762,
                0.686728706189799,
                0.7160277209946025,
                0.7471464867671512,
                0.7799326985988138,
                0.8142790837482086,
                0.8501389292142485,
                0.8875248280994832,
                0.9264911960166092,
                0.9671058419937336,
                1.0094190736244635,
                1.0534393415223962,
                1.09912204695537,
                1.146373645395555,
                1.19506815794213,
                1.2450694496414378,
                1.2962514818273896,
                1.348510534517074,
                1.4017673219452764,
                1.4559613572951462,
                1.5110430552873306,
                1.5669696263168675,
                1.623708535772224,
                1.681247888714625,
                1.7396078551909981,
                1.7988425396659355,
                1.8590186152550805,
                1.9201564491696537,
                1.9821222368572615,
                2.0444669217345632,
                2.1062203164600275,
                2.1656666318594024,
                2.220147979470512,
                2.2659597236100892,
                2.298407837447865,
                2.3120857453267316,
                2.3013923408434835,
                2.2612570779389762,
                2.1879741665081847,
                2.079994715910512,
                1.9385031273055238,
                1.7676257385859593,
                1.574186365388219,
                1.3670203884549805
            ],
            "median": 0.7800226726519891
        },
        "true": {
            "density": [
                1.367020388454961,
                1.5741863653882497,
                1.767625738586016,
                1.9385031273054756,
                2.079994715910512,
                2.1879741665081966,
                2.2612570779390007,
                2.3013923408434427,
                2.3120857453267645,
                2.2984078374478973,
                2.2659597236101656,
                2.220147979470512,
                2.165666631859437,
                2.10622031646002,
                2.0444669217345526,
                1.9821222368572615,
                1.9201564491696708,
                1.8590186152551167,
                1.7988425396659546,
                1.739607855191026,
                1.681247888714589,
                1.6237085357721692,
                1.5669696263168675,
                1.5110430552873224,
                1.455961357295128,
                1.401767321945324,
                1.3485105345170765,
                1.2962514818273942,
                1.2450694496414643,
                1.1950681579421427,
                1.1463736453955224,
                1.0991220469553544,
                1.0534393415223886,
                1.009419073624442,
                0.9671058419937285,
                0.9264911960165977,
                0.8875248280994564,
                0.8501389292142515,
                0.8142790837482115,
                0.779932698598811,
                0.7471464867671764,
                0.7160277209946025,
                0.6867287061898026,
                0.6594186098307901,
                0.6342499792934564,
                0.6113281090366441,
                0.5906898731136848,
                0.5722954353090146,
                0.5560325495758548,
                0.5417301412928626,
                0.5291763324540456,
                0.5181362850047806,
                0.508366837814089,
                0.49962712985105157,
                0.49168632735878653,
                0.484330494827509,
                0.47737031131697494,
                0.4706500197303708,
                0.4640564013518691,
                0.45752548445979524,
                0.4510446558631109,
                0.4446488786957847,
                0.4384113629731635,
                0.4324305734627216,
                0.4268162906720402,
                0.42167734998609835,
                0.4171128841899286,
                0.41320783097137387,
                0.41003252313685834,
                0.4076454814334102,
                0.4060979713170859,
                0.40543833744212804,
                0.40571367409768205,
                0.4069663789427372,
                0.4092240118358655,
                0.4124828334241699,
                0.4166880996502272,
                0.42171676733114555,
                0.4273696025668355,
                0.4333788858819229,
                0.4394347377440054,
                0.4452281312885094,
                0.4505031710701347,
                0.4551067352561116,
                0.4590214821275946,
                0.46236938754701784,
                0.4653776067376521,
                0.46830601796568444,
                0.4713450981753236,
                0.47450200249571367,
                0.4774996813985761,
                0.4797163573264164,
                0.4801890103901944,
                0.477694180041203,
                0.47090358166647694,
                0.45859384232860273,
                0.439873580715181,
                0.4143819155683421,
                0.3824138998486921,
                0.3449412989609375
            ],
            "median": 0.2199773273480109
        }
    }
}