{
    "predictedClassCount": {
        "false": 5480,
        "true": 850
    },
    "probabilityDensities": {
        "false": {
            "density": [
                1.856470255749249e-06,
                6.144238563444263e-06,
                1.871648287941169e-05,
                5.259851639573264e-05,
                0.00013674837724062268,
                0.000329961559841407,
                0.0007415672145022837,
                0.0015582694757689322,
                0.0030734185084983156,
                0.005710822567146761,
                0.010030684694598136,
                0.016702481890348755,
                0.02643270401180983,
                0.03984857491691436,
                0.05736124418647401,
                0.07905283413124964,
                0.1046347264053495,
                0.1335005300649384,
                0.1648556246216615,
                0.1978695076495827,
                0.23178798869226525,
                0.265964019924495,
                0.2998078232559286,
                0.3327008092890357,
                0.3639432037154166,
                0.39279467728253487,
                0.41861736732052174,
                0.44106384996614667,
                0.4602105926484678,
                0.47655350310620376,
                0.49085271265918823,
                0.5038960806785127,
                0.5162937100345518,
                0.5283963645143023,
                0.5403679594949901,
                0.5523760406427121,
                0.5648224998102902,
                0.5785220557284506,
                0.5947396538244129,
                0.6150240132071441,
                0.6408405611751302,
                0.673113451729989,
                0.7118859568183132,
                0.7563174198620756,
                0.8050963316324665,
                0.8571062487151045,
                0.9119870279639553,
                0.9702522789278385,
                1.0328799063969387,
                1.1006145447248887,
                1.1733707393096813,
                1.2500143424447558,
                1.328557147882031,
                1.406622320256256,
                1.481991816374519,
                1.5530593119709326,
                1.6190269955551726,
                1.6797486688616368,
                1.7352865340164567,
                1.7854401815344816,
                1.8295563518403903,
                1.8667523225329012,
                1.89639379541864,
                1.918484078933016,
                1.9336937044890241,
                1.9430370162899528,
                1.9474744618999849,
                1.9477807604518744,
                1.9448224556517424,
                1.9400712995160667,
                1.9359595530039762,
                1.93571388516992,
                1.9425905738472797,
                1.958820725069963,
                1.984812238024886,
                2.01905580994179,
                2.0587769264852422,
                2.10092755980686,
                2.142914660620741,
                2.182618072569924,
                2.2176418912651883,
                2.2441834440045647,
                2.2562247800906734,
                2.2457764569734975,
                2.2044905258304266,
                2.1261986421169095,
                2.009252089441948,
                1.8574663427983034,
                1.6791596149343089,
                1.4848053969998143,
                1.2845034604236216,
                1.0863903105831152,
                0.8963969666022061,
                0.7189504115358407,
                0.5578093662936272,
                0.41638316381251855,
                0.29738856037723516,
                0.202175532474775,
                0.13022415182676184,
                0.0791506444482277
            ],
            "median": 0.6851585072594257
        },
        "true": {
            "density": [
                0.07915064444822896,
                0.13022415182676253,
                0.2021755324747741,
                0.29738856037723677,
                0.4163831638125152,
                0.5578093662936282,
                0.7189504115358305,
                0.8963969666021949,
                1.086390310583123,
                1.2845034604236445,
                1.484805396999817,
                1.679159614934318,
                1.857466342798277,
                2.0092520894418873,
                2.1261986421169774,
                2.204490525830485,
                2.2457764569734575,
                2.256224780090678,
                2.2441834440045687,
                2.2176418912651568,
                2.182618072569951,
                2.1429146606207254,
                2.100927559806804,
                2.058776926485257,
                2.0190558099417615,
                1.9848122380248931,
                1.9588207250699734,
                1.9425905738472797,
                1.935713885169982,
                1.935959553003959,
                1.9400712995161011,
                1.9448224556518046,
                1.947780760451909,
                1.9474744618999882,
                1.9430370162899597,
                1.9336937044890241,
                1.9184840789330022,
                1.896393795418613,
                1.866752322532908,
                1.8295563518403546,
                1.7854401815344816,
                1.735286534016503,
                1.6797486688616965,
                1.6190269955551582,
                1.5530593119708855,
                1.4819918163744952,
                1.406622320256216,
                1.3285571478820524,
                1.250014342444747,
                1.1733707393096562,
                1.100614544724885,
                1.0328799063969405,
                0.970252278927885,
                0.9119870279639261,
                0.8571062487150969,
                0.8050963316324651,
                0.7563174198620756,
                0.7118859568182956,
                0.6731134517299903,
                0.6408405611751326,
                0.6150240132071397,
                0.5947396538244171,
                0.5785220557284434,
                0.5648224998102862,
                0.5523760406427111,
                0.5403679594950112,
                0.5283963645142938,
                0.5162937100345536,
                0.5038960806785225,
                0.490852712659183,
                0.47655350310620204,
                0.46021059264846415,
                0.4410638499661502,
                0.4186173673205195,
                0.39279467728253664,
                0.36394320371541855,
                0.3327008092890336,
                0.29980782325593414,
                0.26596401992449237,
                0.23178798869226813,
                0.19786950764958094,
                0.16485562462166006,
                0.13350053006493615,
                0.10463472640534802,
                0.07905283413124936,
                0.057361244186473495,
                0.03984857491691401,
                0.02643270401180941,
                0.016702481890348547,
                0.01003068469459794,
                0.005710822567146644,
                0.003073418508498269,
                0.001558269475768924,
                0.0007415672145022738,
                0.00032996155984139816,
                0.00013674837724061975,
                5.259851639573152e-05,
                1.8716482879410992e-05,
                6.144238563444088e-06,
                1.8564702557491995e-06
            ],
            "median": 0.3148414927405745
        }
    }
}