{
    "predictedClassCount": {
        "false": 5532,
        "true": 798
    },
    "probabilityDensities": {
        "false": {
            "density": [
                1.727564614839507e-34,
                3.79737323834643e-32,
                6.764315799758988e-30,
                9.764636223074297e-28,
                1.1422991827848675e-25,
                1.0829172400781463e-23,
                8.319596690099883e-22,
                5.1796555903151695e-20,
                2.6133110041687226e-18,
                1.0684960363398428e-16,
                3.5403511407202077e-15,
                9.506296767053022e-14,
                2.0685594541439126e-12,
                3.647676120578977e-11,
                5.212621475329326e-10,
                6.036536936852801e-09,
                5.6651520730403197e-08,
                4.308520187281389e-07,
                2.6554607980053614e-06,
                1.3263364102567252e-05,
                5.3689512129520575e-05,
                0.00017615933107166602,
                0.0004686782599851984,
                0.0010123006400355546,
                0.0017813129144632215,
                0.0025805840473863734,
                0.0031717498682190034,
                0.00356735466219442,
                0.004189229762431481,
                0.005613818156911029,
                0.008056317149002285,
                0.011086343911669105,
                0.013887981337457552,
                0.015856218038116987,
                0.016989816254355514,
                0.01772778871792557,
                0.018443719817487284,
                0.0192012347926154,
                0.020108364636365075,
                0.02194946616232892,
                0.02642383257555686,
                0.035518931558653315,
                0.05018288215994085,
                0.0693908939936178,
                0.0909486519287077,
                0.11371552276181626,
                0.13876006893409787,
                0.16778502501601636,
                0.20080490139289392,
                0.23627260614314632,
                0.2732302401567505,
                0.3119235567137032,
                0.3518178661026507,
                0.3903595088340044,
                0.42495996333840347,
                0.4556557360417002,
                0.4847091959179774,
                0.5136812067526779,
                0.5413204409045964,
                0.5640651190298418,
                0.5787476154585308,
                0.585347979106106,
                0.5865578336428255,
                0.5841292747013432,
                0.5770919336065842,
                0.5649102348994312,
                0.5509680338776178,
                0.5407694559865875,
                0.5370987116882412,
                0.5386701116680407,
                0.5432443242062548,
                0.5503652327939101,
                0.5610712969570113,
                0.5765891551660047,
                0.597864303819641,
                0.625361316314384,
                0.6588184397084201,
                0.698055429276866,
                0.7446576444441849,
                0.8021635684925289,
                0.8741013267258336,
                0.963014113866105,
                1.0724365130832734,
                1.2084181763670303,
                1.3771580572663464,
                1.5827805416120997,
                1.8337920331189352,
                2.161335854762248,
                2.641945238927444,
                3.4052641824575325,
                4.591810681904616,
                6.229887876617455,
                8.072161199463569,
                9.55012529228865,
                10.004245260530944,
                9.106649197748359,
                7.125160567129409,
                4.761915729975613,
                2.70851403413038,
                1.308011407604564
            ],
            "median": 0.9384742186206481
        },
        "true": {
            "density": [
                1.308011407604571,
                2.7085140341304954,
                4.761915729975529,
                7.125160567129409,
                9.106649197748359,
                10.004245260531015,
                9.550125292288751,
                8.07216119946377,
                6.229887876617765,
                4.591810681904558,
                3.4052641824575263,
                2.6419452389273594,
                2.161335854762194,
                1.8337920331188113,
                1.5827805416121727,
                1.3771580572663638,
                1.208418176366994,
                1.0724365130832982,
                0.9630141138660999,
                0.8741013267258461,
                0.8021635684925061,
                0.744657644444169,
                0.6980554292768884,
                0.6588184397084282,
                0.6253613163143817,
                0.5978643038196421,
                0.5765891551659944,
                0.5610712969570113,
                0.5503652327939044,
                0.5432443242062519,
                0.5386701116680407,
                0.5370987116882422,
                0.5407694559865875,
                0.550968033877614,
                0.5649102348994302,
                0.5770919336065883,
                0.5841292747013349,
                0.5865578336428308,
                0.585347979106106,
                0.5787476154585277,
                0.5640651190298418,
                0.5413204409045964,
                0.5136812067526743,
                0.48470919591798944,
                0.45565573604170384,
                0.4249599633384001,
                0.3903595088340047,
                0.35181786610264976,
                0.31192355671370237,
                0.273230240156751,
                0.23627260614314674,
                0.20080490139289303,
                0.1677850250160156,
                0.13876006893409712,
                0.11371552276181637,
                0.09094865192870803,
                0.06939089399361754,
                0.0501828821599408,
                0.03551893155865338,
                0.02642383257555672,
                0.02194946616232892,
                0.020108364636365183,
                0.0192012347926154,
                0.018443719817487252,
                0.017727788717925526,
                0.016989816254355482,
                0.015856218038117015,
                0.013887981337457538,
                0.011086343911669086,
                0.008056317149002278,
                0.005613818156911013,
                0.004189229762431473,
                0.003567354662194423,
                0.0031717498682190003,
                0.002580584047386369,
                0.0017813129144632137,
                0.0010123006400355491,
                0.00046867825998519715,
                0.00017615933107166445,
                5.368951212952019e-05,
                1.3263364102567017e-05,
                2.6554607980053377e-06,
                4.3085201872812666e-07,
                5.665152073040219e-08,
                6.036536936852758e-09,
                5.212621475329178e-10,
                3.6476761205789254e-11,
                2.068559454143839e-12,
                9.506296767052853e-14,
                3.540351140720057e-15,
                1.0684960363398125e-16,
                2.6133110041686856e-18,
                5.1796555903149486e-20,
                8.319596690099646e-22,
                1.0829172400780924e-23,
                1.1422991827848269e-25,
                9.764636223074157e-28,
                6.764315799758604e-30,
                3.7973732383463224e-32,
                1.727564614839507e-34
            ],
            "median": 0.06152578137935184
        }
    }
}