{
    "predictedClassCount": {
        "false": 5250,
        "true": 1080
    },
    "probabilityDensities": {
        "false": {
            "density": [
                0.0003489963460235055,
                0.0006914289237480657,
                0.0013086920957843652,
                0.0023685052055397154,
                0.004102709960049925,
                0.006808939668239406,
                0.010839453694255258,
                0.01657426254553035,
                0.02437998979192742,
                0.0345617465552216,
                0.047320522193661556,
                0.06273038306810057,
                0.08074584100469101,
                0.10123992196872264,
                0.12406058053505949,
                0.1490825840196525,
                0.17622976623647876,
                0.20545207873487406,
                0.23666151182676007,
                0.2696532905031919,
                0.30405276549360677,
                0.3393244818250204,
                0.3748555877696476,
                0.41008934411900594,
                0.4446531744789477,
                0.47841764775554124,
                0.5114466990153976,
                0.5438475127527778,
                0.5755784729026692,
                0.6062995211752682,
                0.6353360375201013,
                0.6617797248064066,
                0.6846906743814959,
                0.7033224926643824,
                0.7172865668803609,
                0.7266028315477359,
                0.731635286889859,
                0.7329557043726154,
                0.731198721825496,
                0.7269609044760033,
                0.7207654730240912,
                0.7130810788111513,
                0.7043626044043907,
                0.6950805861678889,
                0.6857196984364057,
                0.6767464166486539,
                0.6685620577847176,
                0.6614640772304832,
                0.6556345418355016,
                0.6511626277128637,
                0.6480928114811813,
                0.646478186062994,
                0.6464143138981797,
                0.6480356239179592,
                0.6514716303848179,
                0.6567783412741791,
                0.6638737757534852,
                0.6725098715358389,
                0.6823044000018494,
                0.6928379452208205,
                0.7037974937065314,
                0.7151264266089296,
                0.7271284420117479,
                0.7404774282350558,
                0.7561100057039795,
                0.7750179014942572,
                0.7979997403730998,
                0.825457364572365,
                0.8573156883193932,
                0.8931058718514087,
                0.9321938777011304,
                0.9740846907487047,
                1.018708576330495,
                1.0666078204762306,
                1.1189810402889824,
                1.1775865790522477,
                1.2445368397178638,
                1.3220238706340595,
                1.4120104755902798,
                1.515915988470863,
                1.6343322557806443,
                1.7668195131315627,
                1.9118364254595581,
                2.0668345924984073,
                2.2284899985454105,
                2.392969599712481,
                2.5560772450989897,
                2.7131307925238426,
                2.8585170842738115,
                2.9850436967962604,
                3.0834008698840747,
                3.142170835800321,
                3.1487772144540984,
                3.091505310974977,
                2.962295253090836,
                2.759573675191971,
                2.4901603854351277,
                2.1694253331635265,
                1.8193821551533553,
                1.4651033967172393
            ],
            "median": 0.8317808118795421
        },
        "true": {
            "density": [
                1.4651033967172393,
                1.819382155153378,
                2.1694253331635305,
                2.49016038543515,
                2.759573675191878,
                2.9622952530908835,
                3.091505310974939,
                3.1487772144540425,
                3.14217083580036,
                3.083400869884113,
                2.9850436967962444,
                2.8585170842739585,
                2.713130792523818,
                2.556077245098994,
                2.3929695997125875,
                2.22848999854545,
                2.066834592498433,
                1.9118364254595512,
                1.7668195131316067,
                1.6343322557806907,
                1.5159159884708362,
                1.412010475590227,
                1.3220238706340783,
                1.244536839717833,
                1.1775865790522624,
                1.1189810402889786,
                1.0666078204762324,
                1.0187085763304662,
                0.9740846907487273,
                0.9321938777011536,
                0.8931058718513499,
                0.8573156883193916,
                0.8254573645723884,
                0.7979997403730984,
                0.7750179014942503,
                0.7561100057039687,
                0.7404774282350519,
                0.7271284420117337,
                0.7151264266089181,
                0.7037974937065102,
                0.6928379452208341,
                0.6823044000018433,
                0.6725098715358364,
                0.6638737757534827,
                0.6567783412741942,
                0.651471630384834,
                0.6480356239179638,
                0.6464143138981913,
                0.6464781860630031,
                0.6480928114811928,
                0.6511626277128476,
                0.6556345418355156,
                0.6614640772305043,
                0.6685620577846997,
                0.6767464166486407,
                0.6857196984364301,
                0.6950805861678827,
                0.7043626044044007,
                0.7130810788111462,
                0.7207654730241028,
                0.7269609044760227,
                0.7311987218254985,
                0.7329557043726167,
                0.7316352868898434,
                0.7266028315477397,
                0.7172865668803609,
                0.703322492664375,
                0.6846906743814982,
                0.6617797248064112,
                0.6353360375200912,
                0.6062995211752735,
                0.5755784729026845,
                0.5438475127527769,
                0.5114466990153912,
                0.47841764775554035,
                0.44465317447894376,
                0.4100893441190096,
                0.3748555877696503,
                0.33932448182502883,
                0.3040527654936078,
                0.2696532905031905,
                0.23666151182676132,
                0.20545207873487845,
                0.17622976623647812,
                0.1490825840196525,
                0.12406058053505904,
                0.1012399219687221,
                0.08074584100469058,
                0.06273038306810029,
                0.04732052219366138,
                0.0345617465552217,
                0.024379989791927528,
                0.016574262545530277,
                0.010839453694255268,
                0.00680893966823949,
                0.0041027099600499176,
                0.002368505205539711,
                0.0013086920957843756,
                0.0006914289237480744,
                0.00034899634602351075
            ],
            "median": 0.16821918812045794
        }
    }
}